,Hitter,Pos,Team,Sal,Opp,Park,OppSP,LU,DKPts,FDPts,Value,PA,R,HR,RBI,SB,SO,BB,HBP,1B,2B,3B,Date,ID,Ownership,Floor,Ceil,MainSlate,LastUpdate
0,Trea Turner,SS,PHI,5800.0,MIA,MIA,Sandy Alcantara,1,8.42,10.886000000000001,0.0,4.53,0.63,0.11,0.46,0.18,0.73,0.27,0.04,0.83,0.21,0.02,2025-06-16,607208,9.0,1.02,19.34,Main,11:51
1,Kyle Schwarber,OF,PHI,5500.0,MIA,MIA,Sandy Alcantara,2,8.15,11.134,0.0,4.33,0.62,0.2,0.54,0.05,1.1,0.67,0.05,0.47,0.15,0.01,2025-06-16,656941,9.0,0.82,19.98,Main,11:51
2,Alec Bohm,1B/3B,PHI,3800.0,MIA,MIA,Sandy Alcantara,3,6.98,9.037,0.0,4.32,0.46,0.08,0.49,0.04,0.58,0.24,0.03,0.78,0.22,0.02,2025-06-16,664761,10.0,0.85,16.82,Main,11:51
3,Nick Castellanos,OF,PHI,3800.0,MIA,MIA,Sandy Alcantara,4,6.950000000000001,9.159,0.0,4.14,0.47,0.1,0.55,0.04,0.87,0.22,0.04,0.67,0.22,0.02,2025-06-16,592206,8.0,0.6,17.6,Main,11:51
4,Max Kepler,OF,PHI,3200.0,MIA,MIA,Sandy Alcantara,5,6.720000000000001,8.950999999999997,0.0,4.09,0.48,0.12,0.49,0.02,0.78,0.32,0.04,0.56,0.2,0.02,2025-06-16,596146,10.0,0.38,17.46,Main,11:51
5,J.T. Realmuto,C,PHI,3500.0,MIA,MIA,Sandy Alcantara,6,6.56,8.752000000000002,0.0,4.02,0.46,0.1,0.46,0.05,0.94,0.25,0.08,0.62,0.19,0.02,2025-06-16,592663,10.0,0.45,17.54,Main,11:51
6,Bryson Stott,2B,PHI,4000.0,MIA,MIA,Sandy Alcantara,7,6.660000000000001,8.642000000000001,0.0,3.95,0.41,0.07,0.44,0.14,0.57,0.31,0.02,0.67,0.17,0.01,2025-06-16,681082,9.0,0.45,17.6,Main,11:51
7,Otto Kemp,3B,PHI,2700.0,MIA,MIA,Sandy Alcantara,8,6.11,8.647,0.0,3.81,0.46,0.08,0.43,0.1,0.91,0.25,0.23,0.6,0.13,0.01,2025-06-16,805249,9.0,0.29,16.17,Main,11:51
8,Brandon Marsh,OF,PHI,2700.0,MIA,MIA,Sandy Alcantara,9,6.6,8.736,0.0,3.61,0.48,0.08,0.42,0.1,0.98,0.41,0.02,0.53,0.17,0.03,2025-06-16,669016,4.0,0.13,14.26,Main,11:51
9,Xavier Edwards,2B/SS,MIA,4100.0,PHI,MIA,Mick Abel,1,8.48,10.942,0.0,4.58,0.61,0.03,0.46,0.26,0.74,0.5,0.01,0.9,0.16,0.03,2025-06-16,669364,7.0,1.07,19.05,Main,11:51
10,Jesus Sanchez,OF,MIA,3700.0,PHI,MIA,Mick Abel,2,7.75,10.282,0.0,4.42,0.56,0.13,0.48,0.12,1.13,0.43,0.04,0.61,0.2,0.01,2025-06-16,660821,11.0,0.82,21.03,Main,11:51
11,Otto Lopez,SS,MIA,3400.0,PHI,MIA,Mick Abel,3,7.8100000000000005,10.241999999999999,0.0,4.37,0.51,0.1,0.54,0.13,0.72,0.33,0.04,0.73,0.21,0.02,2025-06-16,672640,9.0,0.71,17.55,Main,11:51
12,Agustin Ramirez,C,MIA,3800.0,PHI,MIA,Mick Abel,4,7.66,10.266999999999998,0.0,4.27,0.51,0.14,0.59,0.11,0.74,0.37,0.04,0.53,0.22,0.01,2025-06-16,682663,9.0,0.43,16.46,Main,11:51
13,Kyle Stowers,OF,MIA,4000.0,PHI,MIA,Mick Abel,5,6.590000000000001,8.884,0.0,4.16,0.47,0.11,0.48,0.04,1.35,0.36,0.06,0.53,0.2,0.01,2025-06-16,669065,4.0,0.23,19.09,Main,11:51
14,Eric Wagaman,1B,MIA,3300.0,PHI,MIA,Mick Abel,6,6.2299999999999995,8.094000000000001,0.0,4.05,0.42,0.09,0.42,0.06,0.8,0.23,0.02,0.61,0.18,0.02,2025-06-16,676572,5.0,0.38,16.41,Main,11:51
15,Liam Hicks,C,MIA,3200.0,PHI,MIA,Mick Abel,7,6.350000000000001,8.901,0.0,3.93,0.43,0.07,0.47,0.03,0.59,0.65,0.12,0.54,0.14,0.01,2025-06-16,689414,4.0,0.25,16.6,Main,11:51
16,Connor Norby,3B,MIA,3700.0,PHI,MIA,Mick Abel,8,5.640000000000001,7.465000000000001,0.0,3.8,0.4,0.11,0.37,0.06,1.2,0.22,0.04,0.46,0.16,0.01,2025-06-16,681393,4.0,0.25,14.99,Main,11:51
17,Dane Myers,OF,MIA,3200.0,PHI,MIA,Mick Abel,9,6.1499999999999995,8.138,0.0,3.6,0.44,0.08,0.38,0.14,1.03,0.21,0.07,0.57,0.16,0.01,2025-06-16,667472,3.0,0.38,15.91,Main,11:51
18,Jordan Beck,OF,COL,3600.0,WSH,WSH,Jake Irvin,1,8.82,11.524000000000001,0.0,4.54,0.67,0.22,0.52,0.14,1.02,0.24,0.02,0.61,0.23,0.01,2025-06-16,687597,8.0,0.5,19.44,Main,11:51
19,Tyler Freeman,OF,COL,3700.0,WSH,WSH,Jake Irvin,2,7.18,9.976999999999999,0.0,4.43,0.56,0.07,0.47,0.14,0.44,0.26,0.23,0.74,0.18,0.01,2025-06-16,671289,4.0,0.61,18.3,Main,11:51
20,Hunter Goodman,C,COL,3900.0,WSH,WSH,Jake Irvin,3,7.59,10.065000000000001,0.0,4.33,0.55,0.21,0.53,0.02,0.86,0.16,0.07,0.61,0.2,0.01,2025-06-16,696100,9.0,0.35,19.91,Main,11:51
21,Ryan McMahon,3B,COL,3500.0,WSH,WSH,Jake Irvin,4,8.0,10.715,0.0,4.24,0.55,0.18,0.63,0.03,0.89,0.43,0.03,0.6,0.19,0.01,2025-06-16,641857,10.0,0.38,16.48,Main,11:51
22,Thairo Estrada,2B,COL,3200.0,WSH,WSH,Jake Irvin,5,6.25,8.239,0.0,3.9,0.42,0.11,0.47,0.05,0.58,0.09,0.08,0.67,0.17,0.01,2025-06-16,642731,3.0,0.44,13.92,Main,11:51
23,Brenton Doyle,OF,COL,3500.0,WSH,WSH,Jake Irvin,6,7.17,9.408999999999999,0.0,4.02,0.47,0.14,0.51,0.13,0.79,0.23,0.03,0.58,0.16,0.02,2025-06-16,686668,4.0,0.25,17.42,Main,11:51
24,Mickey Moniak,OF,COL,3000.0,WSH,WSH,Jake Irvin,7,6.16,8.055,0.0,3.54,0.4,0.13,0.41,0.08,0.7,0.15,0.04,0.52,0.18,0.01,2025-06-16,666160,4.0,0.07,14.92,Main,11:51
25,Orlando Arcia,SS,COL,2200.0,WSH,WSH,Jake Irvin,8,5.17,6.724000000000001,0.0,3.53,0.37,0.1,0.34,0.02,0.52,0.19,0.02,0.54,0.13,0.0,2025-06-16,606115,2.0,0.19,11.51,Main,11:51
26,Ryan Ritter,SS,COL,2900.0,WSH,WSH,Jake Irvin,9,5.869999999999999,8.018,0.0,3.57,0.44,0.09,0.38,0.07,0.65,0.27,0.13,0.57,0.13,0.01,2025-06-16,690022,2.0,0.14,15.44,Main,11:51
27,Alex Call,OF,WSH,3700.0,COL,WSH,Carson Palmquist,1,7.9,10.753,0.0,4.58,0.64,0.11,0.49,0.09,0.7,0.57,0.09,0.64,0.19,0.01,2025-06-16,669743,8.0,0.49,16.98,Main,11:51
28,C.J. Abrams,SS,WSH,5400.0,COL,WSH,Carson Palmquist,2,7.959999999999999,10.625,0.0,4.47,0.6,0.13,0.49,0.17,0.92,0.24,0.11,0.68,0.19,0.02,2025-06-16,682928,,0.36,17.16,Main,11:51
29,Amed Rosario,3B,WSH,3600.0,COL,WSH,Carson Palmquist,3,7.09,9.116,0.0,4.3,0.48,0.08,0.46,0.11,0.72,0.18,0.03,0.77,0.19,0.03,2025-06-16,642708,10.0,0.55,18.27,Main,11:51
30,James Wood,OF,WSH,5700.0,COL,WSH,Carson Palmquist,4,8.95,12.022,0.0,4.27,0.61,0.2,0.7,0.13,1.06,0.49,0.03,0.59,0.17,0.01,2025-06-16,695578,6.0,0.5,17.91,Main,11:51
31,Josh Bell,1B,WSH,3100.0,COL,WSH,Carson Palmquist,5,6.83,9.181,0.0,4.09,0.48,0.15,0.53,0.01,0.77,0.42,0.03,0.53,0.15,0.01,2025-06-16,605137,15.0,0.38,18.1,Main,11:51
32,Brady House,SS,WSH,0.0,COL,WSH,Carson Palmquist,6,6.66,8.917,0.0,4.05,0.46,0.15,0.49,0.04,1.01,0.22,0.08,0.58,0.16,0.01,2025-06-16,691781,0.0,0.14,14.01,Main,11:51
33,Andres Chaparro,3B,WSH,2900.0,COL,WSH,Carson Palmquist,7,6.12,8.194,0.0,3.93,0.42,0.13,0.44,0.03,0.71,0.27,0.06,0.51,0.16,0.01,2025-06-16,665953,4.0,0.0,15.19,Main,11:51
34,Keibert Ruiz,C,WSH,3400.0,COL,WSH,Carson Palmquist,8,5.59,7.225,0.0,3.8,0.4,0.07,0.37,0.03,0.34,0.15,0.04,0.69,0.15,0.01,2025-06-16,660688,2.0,0.18,15.21,Main,11:51
35,Jacob Young,OF,WSH,2300.0,COL,WSH,Carson Palmquist,9,6.46,8.572000000000001,0.0,3.6,0.46,0.05,0.4,0.2,0.59,0.27,0.08,0.64,0.14,0.01,2025-06-16,696285,3.0,0.29,14.54,Main,11:51
36,Zach Neto,SS,LAA,5600.0,NYY,NYY,Clarke Schmidt,1,8.7,11.919,0.0,4.58,0.72,0.17,0.51,0.19,1.32,0.36,0.16,0.58,0.21,0.01,2025-06-16,687263,4.0,0.41,19.72,Main,11:51
37,Nolan Schanuel,1B,LAA,3500.0,NYY,NYY,Clarke Schmidt,2,8.27,11.31,0.0,4.47,0.65,0.1,0.58,0.08,0.8,0.73,0.07,0.69,0.16,0.01,2025-06-16,694384,5.0,0.79,17.58,Main,11:51
38,Mike Trout,OF,LAA,5000.0,NYY,NYY,Clarke Schmidt,3,8.580000000000002,11.819,0.0,4.29,0.62,0.22,0.65,0.08,1.41,0.64,0.07,0.46,0.14,0.01,2025-06-16,545361,5.0,0.2,16.48,Main,11:51
39,Taylor Ward,OF,LAA,4200.0,NYY,NYY,Clarke Schmidt,4,7.36,10.1,0.0,4.24,0.5,0.16,0.62,0.04,1.23,0.49,0.06,0.47,0.17,0.01,2025-06-16,621493,4.0,0.18,17.49,Main,11:51
40,Jorge Soler,OF,LAA,3200.0,NYY,NYY,Clarke Schmidt,5,6.049999999999999,8.329,0.0,3.88,0.42,0.12,0.47,0.02,1.2,0.53,0.05,0.41,0.12,0.01,2025-06-16,624585,3.0,0.03,17.08,Main,11:51
41,Logan O'Hoppe,C,LAA,3700.0,NYY,NYY,Clarke Schmidt,6,6.52,8.786999999999999,0.0,4.05,0.46,0.17,0.47,0.02,1.4,0.3,0.07,0.51,0.13,0.01,2025-06-16,681351,4.0,0.1,17.82,Main,11:51
42,Jo Adell,OF,LAA,3500.0,NYY,NYY,Clarke Schmidt,7,6.6499999999999995,9.022000000000002,0.0,3.93,0.46,0.15,0.46,0.11,1.31,0.37,0.07,0.43,0.13,0.01,2025-06-16,666176,3.0,0.0,16.31,Main,11:51
43,Luis Rengifo,2B/3B,LAA,2600.0,NYY,NYY,Clarke Schmidt,8,6.470000000000001,8.525,0.0,3.76,0.45,0.07,0.43,0.14,0.71,0.33,0.04,0.64,0.13,0.01,2025-06-16,650859,4.0,0.33,14.15,Main,11:51
44,Christian Moore,2B,LAA,3000.0,NYY,NYY,Clarke Schmidt,9,5.180000000000001,7.000000000000001,0.0,3.6,0.4,0.07,0.34,0.07,1.17,0.4,0.04,0.45,0.1,0.0,2025-06-16,695681,2.0,0.12,14.96,Main,11:51
45,Trent Grisham,OF,NYY,4500.0,LAA,NYY,Jose Soriano,1,8.41,11.672,0.0,4.64,0.76,0.14,0.54,0.06,1.16,0.88,0.05,0.49,0.16,0.01,2025-06-16,663757,9.0,0.65,17.65,Main,11:51
46,Aaron Judge,OF,NYY,6500.0,LAA,NYY,Jose Soriano,2,11.030000000000001,15.211000000000002,0.0,4.5,0.93,0.27,0.83,0.08,1.13,0.93,0.03,0.54,0.17,0.01,2025-06-16,592450,18.0,1.22,19.31,Main,11:51
47,Cody Bellinger,OF,NYY,4600.0,LAA,NYY,Jose Soriano,3,8.16,10.905,0.0,4.36,0.6,0.13,0.63,0.09,0.65,0.48,0.02,0.67,0.18,0.01,2025-06-16,641355,8.0,0.51,19.44,Main,11:51
48,Paul Goldschmidt,1B,NYY,4400.0,LAA,NYY,Jose Soriano,4,7.81,10.5,0.0,4.34,0.55,0.11,0.68,0.07,1.06,0.48,0.02,0.67,0.17,0.01,2025-06-16,502671,7.0,0.44,16.21,Main,11:51
49,Giancarlo Stanton,OF,NYY,4000.0,LAA,NYY,Jose Soriano,5,7.43,10.103000000000002,0.0,4.2,0.54,0.22,0.61,0.01,1.31,0.46,0.02,0.42,0.14,0.0,2025-06-16,519317,8.0,0.21,15.9,Main,11:51
50,Jazz Chisholm,2B,NYY,5100.0,LAA,NYY,Jose Soriano,6,8.65,11.59,0.0,4.07,0.6,0.14,0.62,0.25,1.01,0.49,0.04,0.6,0.14,0.01,2025-06-16,665862,,0.32,19.79,Main,11:51
51,Anthony Volpe,SS,NYY,4200.0,LAA,NYY,Jose Soriano,7,7.420000000000001,9.936,0.0,4.03,0.53,0.09,0.52,0.17,0.94,0.39,0.06,0.61,0.16,0.02,2025-06-16,683011,3.0,0.32,16.7,Main,11:51
52,Austin Wells,C,NYY,4200.0,LAA,NYY,Jose Soriano,8,6.970000000000001,9.615,0.0,3.89,0.55,0.12,0.53,0.05,0.79,0.55,0.06,0.46,0.16,0.01,2025-06-16,669224,8.0,0.17,18.25,Main,11:51
53,D.J. LeMahieu,3B,NYY,3100.0,LAA,NYY,Jose Soriano,9,5.949999999999999,7.987999999999999,0.0,3.67,0.49,0.06,0.42,0.02,0.76,0.49,0.02,0.59,0.12,0.01,2025-06-16,518934,,0.34,12.66,Main,11:51
54,Jackson Holliday,2B,BAL,4300.0,TB,TB,Ryan Pepiot,1,8.719999999999999,11.503,0.0,4.46,0.74,0.21,0.51,0.11,1.27,0.31,0.03,0.64,0.19,0.01,2025-06-16,702616,9.0,0.58,20.34,Main,11:51
55,Adley Rutschman,C,BAL,4000.0,TB,TB,Ryan Pepiot,2,8.34,11.248,0.0,4.35,0.69,0.16,0.62,0.01,0.73,0.5,0.03,0.63,0.22,0.01,2025-06-16,668939,9.0,0.48,16.18,Main,11:51
56,Gunnar Henderson,SS,BAL,4800.0,TB,TB,Ryan Pepiot,3,9.77,13.124,0.0,4.26,0.72,0.23,0.76,0.11,1.05,0.44,0.04,0.64,0.2,0.02,2025-06-16,683002,10.0,0.49,19.57,Main,11:51
57,Ryan O'Hearn,1B/OF,BAL,4700.0,TB,TB,Ryan Pepiot,4,8.059999999999999,10.848999999999998,0.0,3.97,0.57,0.15,0.71,0.04,0.68,0.37,0.04,0.66,0.2,0.01,2025-06-16,656811,7.0,0.29,16.3,Main,11:51
58,Jordan Westburg,3B,BAL,4100.0,TB,TB,Ryan Pepiot,5,8.230000000000002,11.091000000000001,0.0,4.05,0.58,0.21,0.65,0.05,0.93,0.22,0.08,0.53,0.23,0.03,2025-06-16,676059,11.0,0.42,18.42,Main,11:51
59,Colton Cowser,OF,BAL,3900.0,TB,TB,Ryan Pepiot,6,7.78,10.706000000000001,0.0,3.94,0.58,0.18,0.6,0.07,1.24,0.43,0.09,0.46,0.19,0.01,2025-06-16,681297,7.0,0.08,17.54,Main,11:51
60,Ramon Laureano,OF,BAL,3600.0,TB,TB,Ryan Pepiot,7,7.209999999999999,9.823,0.0,3.8,0.54,0.18,0.53,0.06,1.19,0.25,0.1,0.47,0.18,0.02,2025-06-16,657656,8.0,0.13,17.1,Main,11:51
61,Cedric Mullins II,OF,BAL,4300.0,TB,TB,Ryan Pepiot,8,7.5,10.104000000000001,0.0,3.66,0.57,0.14,0.54,0.15,0.82,0.38,0.04,0.48,0.17,0.01,2025-06-16,656775,,0.04,19.21,Main,11:51
62,Ramon Urias,3B,BAL,3100.0,TB,TB,Ryan Pepiot,9,5.82,7.831,0.0,3.35,0.48,0.11,0.41,0.02,0.72,0.27,0.05,0.49,0.15,0.01,2025-06-16,602104,8.0,0.22,15.59,Main,11:51
63,Josh Lowe,OF,TB,4700.0,BAL,TB,Zach Eflin,1,9.07,11.81,0.0,4.58,0.75,0.17,0.52,0.15,1.23,0.27,0.01,0.71,0.25,0.02,2025-06-16,666139,8.0,0.51,18.35,Main,11:51
64,Brandon Lowe,2B,TB,4600.0,BAL,TB,Zach Eflin,2,9.560000000000002,12.801000000000002,0.0,4.44,0.78,0.26,0.69,0.05,1.11,0.31,0.05,0.64,0.23,0.01,2025-06-16,664040,10.0,0.39,17.9,Main,11:51
65,Yandy Diaz,1B,TB,4200.0,BAL,TB,Zach Eflin,3,7.92,10.470999999999998,0.0,4.17,0.58,0.14,0.61,0.02,0.64,0.28,0.04,0.75,0.23,0.01,2025-06-16,650490,11.0,0.66,16.52,Main,11:51
66,Jonathan Aranda,1B,TB,4500.0,BAL,TB,Zach Eflin,4,8.76,11.976,0.0,4.27,0.63,0.2,0.78,0.01,1.01,0.37,0.1,0.69,0.2,0.01,2025-06-16,666018,6.0,0.33,16.76,Main,11:51
67,Junior Caminero,3B,TB,4400.0,BAL,TB,Zach Eflin,5,9.129999999999999,12.061,0.0,4.16,0.63,0.29,0.71,0.04,0.8,0.17,0.03,0.61,0.22,0.01,2025-06-16,691406,8.0,0.4,17.19,Main,11:51
68,Jake Mangum,OF,TB,4100.0,BAL,TB,Zach Eflin,6,6.95,9.033999999999999,0.0,4.05,0.47,0.1,0.48,0.14,0.54,0.11,0.06,0.75,0.16,0.01,2025-06-16,663968,2.0,0.47,14.12,Main,11:51
69,Jose Caballero,IF,TB,3900.0,BAL,TB,Zach Eflin,7,7.78,10.416000000000002,0.0,3.93,0.53,0.09,0.52,0.32,1.02,0.24,0.1,0.59,0.17,0.01,2025-06-16,676609,3.0,0.21,16.64,Main,11:51
70,Matt Thaiss,C,TB,3100.0,BAL,TB,Zach Eflin,8,6.74,9.176,0.0,3.8,0.53,0.13,0.5,0.05,1.0,0.47,0.04,0.48,0.15,0.0,2025-06-16,642136,2.0,0.0,14.22,Main,11:51
71,Kameron Misner,OF,TB,3200.0,BAL,TB,Zach Eflin,9,5.82,7.787,0.0,3.6,0.46,0.09,0.39,0.12,1.15,0.31,0.03,0.44,0.12,0.01,2025-06-16,670224,2.0,0.0,13.3,Main,11:51
72,Jarren Duran,OF,BOS,4800.0,SEA,SEA,Logan Gilbert,1,7.7700000000000005,10.161,0.0,4.58,0.58,0.12,0.41,0.16,1.44,0.28,0.05,0.63,0.22,0.03,2025-06-16,680776,4.0,0.3,16.71,Main,11:51
73,Abraham Toro,1B/3B,BOS,3300.0,SEA,SEA,Logan Gilbert,2,6.580000000000001,8.649,0.0,4.47,0.47,0.13,0.43,0.03,1.07,0.19,0.06,0.64,0.19,0.01,2025-06-16,647351,3.0,0.21,13.83,Main,11:51
74,Carlos Narvaez,C,BOS,3600.0,SEA,SEA,Logan Gilbert,3,6.960000000000001,9.370999999999999,0.0,4.37,0.48,0.16,0.49,0.04,1.62,0.32,0.08,0.55,0.17,0.01,2025-06-16,665966,3.0,0.0,15.45,Main,11:51
75,Roman Anthony,OF,BOS,4000.0,SEA,SEA,Logan Gilbert,4,7.77,10.507000000000001,0.0,4.27,0.51,0.19,0.59,0.08,1.45,0.54,0.03,0.48,0.15,0.0,2025-06-16,701350,2.0,0.16,15.8,Main,11:51
76,Trevor Story,SS,BOS,3300.0,SEA,SEA,Logan Gilbert,5,5.59,7.428,0.0,4.06,0.34,0.12,0.38,0.09,1.82,0.19,0.06,0.43,0.15,0.01,2025-06-16,596115,2.0,0.01,17.89,Main,11:51
77,Marcelo Mayer,2B/3B,BOS,3000.0,SEA,SEA,Logan Gilbert,6,6.77,8.869,0.0,4.05,0.42,0.16,0.47,0.06,1.39,0.29,0.02,0.56,0.15,0.01,2025-06-16,691785,2.0,0.0,14.6,Main,11:51
78,Kristian Campbell,2B,BOS,2900.0,SEA,SEA,Logan Gilbert,7,5.7299999999999995,7.789,0.0,3.93,0.37,0.08,0.37,0.07,1.52,0.36,0.1,0.5,0.16,0.01,2025-06-16,692225,2.0,0.16,14.63,Main,11:51
79,David Hamilton,2B/SS,BOS,2700.0,SEA,SEA,Logan Gilbert,8,6.629999999999999,8.600000000000001,0.0,3.8,0.4,0.08,0.36,0.32,1.37,0.23,0.03,0.5,0.15,0.0,2025-06-16,666152,2.0,0.0,14.32,Main,11:51
80,Ceddanne Rafaela,OF,BOS,3500.0,SEA,SEA,Logan Gilbert,9,5.359999999999999,7.016000000000001,0.0,3.6,0.38,0.1,0.32,0.09,1.27,0.1,0.06,0.5,0.13,0.02,2025-06-16,678882,2.0,0.04,13.19,Main,11:51
81,J.P. Crawford,SS,SEA,3500.0,BOS,SEA,Lucas Giolito,1,8.37,11.317,0.0,4.57,0.71,0.13,0.51,0.06,1.12,0.66,0.05,0.66,0.19,0.01,2025-06-16,641487,4.0,0.5,15.0,Main,11:51
82,Julio Rodriguez,OF,SEA,5100.0,BOS,SEA,Lucas Giolito,2,8.81,11.719,0.0,4.47,0.67,0.17,0.61,0.13,1.21,0.29,0.07,0.72,0.2,0.02,2025-06-16,677594,9.0,0.57,20.94,Main,11:51
83,Cal Raleigh,C,SEA,6000.0,BOS,SEA,Lucas Giolito,3,9.299999999999999,12.607999999999999,0.0,4.37,0.69,0.29,0.7,0.07,1.43,0.51,0.03,0.45,0.18,0.0,2025-06-16,663728,9.0,0.3,20.18,Main,11:51
84,Jorge Polanco,2B,SEA,3800.0,BOS,SEA,Lucas Giolito,4,7.46,10.039,0.0,4.24,0.52,0.17,0.61,0.04,1.29,0.41,0.03,0.55,0.15,0.01,2025-06-16,593871,4.0,0.0,16.7,Main,11:51
85,Randy Arozarena,OF,SEA,4000.0,BOS,SEA,Lucas Giolito,5,7.45,10.257000000000001,0.0,4.05,0.51,0.12,0.57,0.12,1.28,0.46,0.11,0.52,0.17,0.02,2025-06-16,668227,8.0,0.12,17.82,Main,11:51
86,Rowdy Tellez,1B,SEA,2600.0,BOS,SEA,Lucas Giolito,6,6.59,8.802,0.0,3.85,0.46,0.18,0.5,0.02,1.02,0.29,0.03,0.48,0.15,0.0,2025-06-16,642133,4.0,0.0,14.76,Main,11:51
87,Dominic Canzone,OF,SEA,2300.0,BOS,SEA,Lucas Giolito,7,6.77,9.028999999999998,0.0,3.93,0.47,0.19,0.47,0.04,1.08,0.29,0.03,0.41,0.18,0.01,2025-06-16,686527,5.0,0.0,14.51,Main,11:51
88,Ben Williamson,3B,SEA,2400.0,BOS,SEA,Lucas Giolito,8,5.99,8.018,0.0,3.8,0.44,0.08,0.38,0.09,1.18,0.34,0.07,0.58,0.12,0.01,2025-06-16,810938,,,,Main,11:51
89,Cole Young,SS,SEA,2200.0,BOS,SEA,Lucas Giolito,9,6.220000000000001,8.403,0.0,3.6,0.49,0.08,0.41,0.08,0.82,0.36,0.08,0.59,0.13,0.01,2025-06-16,702284,2.0,0.03,13.65,Main,11:51
90,Jeremy Pena,SS,HOU,4500.0,OAK,OAK,Osvaldo Bido,1,8.48,11.17,0.0,4.58,0.7,0.14,0.46,0.12,0.67,0.23,0.09,0.78,0.24,0.02,2025-06-16,665161,17.0,1.09,20.4,Main,11:51
91,Yainer Diaz,C,HOU,3300.0,OAK,OAK,Osvaldo Bido,2,8.16,10.611,0.0,4.47,0.63,0.17,0.51,0.02,0.65,0.16,0.04,0.76,0.28,0.01,2025-06-16,673237,20.0,0.96,17.98,Main,11:51
92,Jose Altuve,2B/OF,HOU,3900.0,OAK,OAK,Osvaldo Bido,3,8.120000000000001,10.764999999999999,0.0,4.31,0.55,0.13,0.61,0.11,0.64,0.32,0.05,0.71,0.22,0.01,2025-06-16,514888,19.0,0.66,17.88,Main,11:51
93,Christian Walker,1B,HOU,3700.0,OAK,OAK,Osvaldo Bido,4,8.41,11.417999999999997,0.0,4.18,0.59,0.22,0.7,0.03,0.86,0.37,0.06,0.52,0.22,0.01,2025-06-16,572233,23.0,0.67,19.72,Main,11:51
94,Jake Meyers,OF,HOU,3700.0,OAK,OAK,Osvaldo Bido,5,7.630000000000001,10.187000000000001,0.0,4.16,0.51,0.11,0.55,0.11,0.74,0.33,0.07,0.63,0.23,0.02,2025-06-16,676694,11.0,0.49,18.37,Main,11:51
95,Cam Smith,OF,HOU,3000.0,OAK,OAK,Osvaldo Bido,6,7.710000000000001,10.31,0.0,4.05,0.55,0.14,0.54,0.05,0.97,0.43,0.05,0.62,0.2,0.02,2025-06-16,701358,6.0,0.36,17.35,Main,11:51
96,Cooper Hummel,OF,HOU,2000.0,OAK,OAK,Osvaldo Bido,7,6.76,9.344999999999999,0.0,3.93,0.5,0.11,0.49,0.09,1.03,0.57,0.07,0.41,0.14,0.02,2025-06-16,669450,7.0,0.19,18.89,Main,11:51
97,Mauricio Dubon,2B/3B,HOU,2300.0,OAK,OAK,Osvaldo Bido,8,5.499999999999999,7.096,0.0,3.69,0.38,0.06,0.36,0.04,0.37,0.15,0.03,0.63,0.19,0.01,2025-06-16,643289,6.0,0.43,15.26,Main,11:51
98,Brendan Rodgers,2B,HOU,2600.0,OAK,OAK,Osvaldo Bido,9,5.87,7.800000000000002,0.0,3.55,0.45,0.1,0.42,0.02,0.75,0.22,0.04,0.51,0.18,0.02,2025-06-16,663898,5.0,0.44,16.79,Main,11:51
99,Lawrence Butler,OF,OAK,4600.0,HOU,OAK,Lance McCullers Jr.,1,8.819999999999999,11.629000000000001,0.0,4.58,0.72,0.19,0.47,0.15,1.31,0.44,0.01,0.56,0.23,0.01,2025-06-16,671732,9.0,0.5,18.73,Main,11:51
100,Jacob Wilson,SS,OAK,5200.0,HOU,OAK,Lance McCullers Jr.,2,7.76,10.041,0.0,4.47,0.58,0.08,0.47,0.05,0.34,0.25,0.06,0.96,0.23,0.01,2025-06-16,805779,4.0,0.95,16.94,Main,11:51
101,Brent Rooker,OF,OAK,4900.0,HOU,OAK,Lance McCullers Jr.,3,8.469999999999999,11.552000000000001,0.0,4.16,0.61,0.24,0.66,0.05,1.17,0.4,0.08,0.5,0.18,0.01,2025-06-16,667670,10.0,0.67,19.23,Main,11:51
102,Tyler Soderstrom,1B/OF,OAK,4600.0,HOU,OAK,Lance McCullers Jr.,4,8.13,11.072000000000003,0.0,4.27,0.56,0.2,0.68,0.05,1.21,0.46,0.05,0.51,0.19,0.0,2025-06-16,691016,8.0,0.31,20.2,Main,11:51
103,Maxwell Muncy,3B,OAK,3000.0,HOU,OAK,Lance McCullers Jr.,5,6.479999999999999,8.852999999999998,0.0,4.16,0.44,0.13,0.49,0.06,1.41,0.35,0.09,0.48,0.16,0.01,2025-06-16,691777,,0.17,17.2,Main,11:51
104,Nick Kurtz,1B,OAK,2800.0,HOU,OAK,Lance McCullers Jr.,6,6.73,9.195,0.0,4.05,0.5,0.16,0.49,0.02,1.51,0.46,0.06,0.46,0.15,0.0,2025-06-16,701762,,,,Main,11:51
105,Luis Urias,2B,OAK,3100.0,HOU,OAK,Lance McCullers Jr.,7,6.52,9.003000000000002,0.0,3.86,0.49,0.12,0.47,0.04,0.91,0.43,0.1,0.47,0.17,0.01,2025-06-16,649966,4.0,0.07,14.68,Main,11:51
106,Willie MacIver,C,OAK,2600.0,HOU,OAK,Lance McCullers Jr.,8,6.01,8.089,0.0,3.8,0.42,0.1,0.41,0.06,1.05,0.32,0.07,0.51,0.16,0.01,2025-06-16,680862,3.0,0.11,14.33,Main,11:51
107,Denzel Clarke,OF,OAK,2600.0,HOU,OAK,Lance McCullers Jr.,9,6.64,9.059999999999999,0.0,3.6,0.5,0.11,0.46,0.16,1.22,0.34,0.09,0.47,0.13,0.01,2025-06-16,672016,2.0,0.0,13.45,Main,11:51
108,Fernando Tatis Jr.,OF,SD,4900.0,LAD,LAD,Shohei Ohtani,1,8.92,11.780999999999999,0.0,4.47,0.68,0.23,0.49,0.13,1.11,0.39,0.04,0.59,0.2,0.01,2025-06-16,665487,13.0,0.77,21.39,Main,11:51
109,Luis Arraez,1B,SD,3600.0,LAD,LAD,Shohei Ohtani,2,6.64,8.453999999999999,0.0,4.43,0.47,0.04,0.4,0.05,0.21,0.18,0.04,0.92,0.21,0.01,2025-06-16,650333,5.0,0.81,13.51,Main,11:51
110,Manny Machado,3B,SD,5400.0,LAD,LAD,Shohei Ohtani,3,8.420000000000002,11.012,0.0,4.26,0.56,0.21,0.56,0.08,0.94,0.33,0.01,0.63,0.21,0.01,2025-06-16,592518,10.0,0.73,19.75,Main,11:51
111,Gavin Sheets,1B/OF,SD,3400.0,LAD,LAD,Shohei Ohtani,4,6.760000000000002,9.03,0.0,3.82,0.45,0.15,0.54,0.03,0.94,0.32,0.03,0.52,0.17,0.01,2025-06-16,657757,4.0,0.1,14.64,Main,11:51
112,Xander Bogaerts,SS,SD,3100.0,LAD,LAD,Shohei Ohtani,5,7.33,9.651,0.0,4.09,0.48,0.11,0.51,0.11,0.85,0.33,0.04,0.67,0.19,0.01,2025-06-16,593428,7.0,0.4,15.71,Main,11:51
113,Jake Cronenworth,2B,SD,3200.0,LAD,LAD,Shohei Ohtani,6,6.580000000000001,8.930000000000001,0.0,4.04,0.45,0.11,0.46,0.04,0.88,0.44,0.08,0.55,0.17,0.01,2025-06-16,630105,5.0,0.25,18.26,Main,11:51
114,Brandon Lockridge,OF,SD,2200.0,LAD,LAD,Shohei Ohtani,7,6.87,9.022,0.0,3.93,0.41,0.09,0.42,0.27,1.18,0.29,0.05,0.55,0.13,0.01,2025-06-16,663604,2.0,0.01,13.93,Main,11:51
115,Tyler Wade,OF,SD,2300.0,LAD,LAD,Shohei Ohtani,8,5.09,6.7059999999999995,0.0,3.51,0.33,0.04,0.32,0.12,0.91,0.31,0.04,0.53,0.1,0.01,2025-06-16,642180,1.0,0.08,11.61,Main,11:51
116,Martin Maldonado,C,SD,2100.0,LAD,LAD,Shohei Ohtani,9,3.92,5.3500000000000005,0.0,3.47,0.3,0.09,0.26,0.02,1.53,0.24,0.05,0.29,0.09,0.0,2025-06-16,455117,1.0,0.0,10.14,Main,11:51
117,Shohei Ohtani,1B/OF,LAD,6300.0,SD,LAD,Dylan Cease,1,11.990000000000002,16.253,0.0,4.49,1.04,0.32,0.77,0.21,1.24,0.68,0.03,0.49,0.21,0.03,2025-06-16,660271,13.0,0.95,22.85,Main,11:51
118,Mookie Betts,SS,LAD,5000.0,SD,LAD,Dylan Cease,2,9.030000000000001,12.230000000000002,0.0,4.4,0.75,0.15,0.64,0.09,0.64,0.56,0.05,0.64,0.22,0.02,2025-06-16,605141,7.0,0.47,17.65,Main,11:51
119,Freddie Freeman,1B,LAD,5300.0,SD,LAD,Dylan Cease,3,8.76,11.92,0.0,4.3,0.7,0.15,0.7,0.05,0.88,0.5,0.06,0.66,0.23,0.01,2025-06-16,518692,11.0,0.55,19.57,Main,11:51
120,Will Smith,C,LAD,5200.0,SD,LAD,Dylan Cease,4,8.59,11.964,0.0,4.27,0.67,0.17,0.8,0.04,0.93,0.48,0.1,0.57,0.2,0.01,2025-06-16,669257,8.0,0.31,19.66,Main,11:51
121,Teoscar Hernandez,OF,LAD,4900.0,SD,LAD,Dylan Cease,5,7.760000000000001,10.489999999999998,0.0,4.15,0.6,0.19,0.64,0.06,1.43,0.29,0.04,0.49,0.19,0.01,2025-06-16,606192,5.0,0.29,18.95,Main,11:51
122,Max Muncy,3B,LAD,4200.0,SD,LAD,Dylan Cease,6,7.16,10.033999999999999,0.0,3.98,0.57,0.15,0.58,0.03,1.27,0.69,0.05,0.35,0.14,0.01,2025-06-16,571970,8.0,0.27,15.62,Main,11:51
123,Andy Pages,OF,LAD,4100.0,SD,LAD,Dylan Cease,7,7.31,9.907000000000002,0.0,3.94,0.56,0.15,0.57,0.05,1.02,0.24,0.09,0.58,0.2,0.01,2025-06-16,681624,3.0,0.04,14.94,Main,11:51
124,Michael Conforto,OF,LAD,2900.0,SD,LAD,Dylan Cease,8,6.84,9.475000000000001,0.0,3.77,0.55,0.14,0.55,0.02,1.06,0.46,0.07,0.43,0.17,0.01,2025-06-16,624424,2.0,0.0,15.07,Main,11:51
125,Hyeseong Kim,2B/OF,LAD,4200.0,SD,LAD,Dylan Cease,9,7.63,10.251999999999999,0.0,3.6,0.61,0.11,0.52,0.24,1.01,0.35,0.05,0.53,0.14,0.01,2025-06-16,808975,0.0,0.03,13.04,Main,11:51
