,player_name,pitcher,Split,zone,xwOBA,IsBIP,BatterName,batter
48,Robert Gasser,688107.0,R,3,0.915,1,,
13734,,,R,0,0.7,0,Teoscar Hernandez,606192.0
5264,,,L,0,0.7,0,Freddie Freeman,518692.0
678,,,L,0,0.7,0,Andres Gimenez,665926.0
13447,,,R,5,0.6699044117647058,125,Shohei Ohtani,660271.0
13437,,,L,5,0.6429859154929578,63,Shohei Ohtani,660271.0
4271,,,R,6,0.6401538461538461,22,Dominic Canzone,686527.0
868,,,R,7,0.6194074074074074,25,Andy Pages,681624.0
14778,,,R,5,0.6177684210526316,182,Vladimir Guerrero Jr.,665489.0
13434,,,L,2,0.6138888888888889,40,Shohei Ohtani,660271.0
6646,,,L,5,0.6105333333333333,14,Jake Bauers,641343.0
2399,,,L,5,0.5798148148148148,46,Cal Raleigh,663728.0
13729,,,L,5,0.5752830188679245,45,Teoscar Hernandez,606192.0
15058,,,L,5,0.5746315789473684,54,William Contreras,661388.0
13450,,,R,8,0.5680454545454545,106,Shohei Ohtani,660271.0
14765,,,L,2,0.5636363636363636,19,Vladimir Guerrero Jr.,665489.0
13451,,,R,9,0.5489999999999999,42,Shohei Ohtani,660271.0
13444,,,R,2,0.5489605263157894,59,Shohei Ohtani,660271.0
4270,,,R,5,0.5369285714285714,51,Dominic Canzone,686527.0
195,,,R,5,0.5318684210526315,70,Addison Barger,680718.0
11199,,,L,8,0.5249454545454545,51,Mookie Betts,605141.0
4261,,,L,6,0.5234,7,Dominic Canzone,686527.0
3140,,,L,5,0.5232641509433963,50,Christian Yelich,592885.0
5493,,,R,5,0.5220698924731183,178,George Springer,543807.0
4267,,,R,2,0.5218235294117647,15,Dominic Canzone,686527.0
3150,,,R,5,0.5166060606060605,121,Christian Yelich,592885.0
13738,,,R,4,0.5150825688073394,100,Teoscar Hernandez,606192.0
5279,,,R,5,0.5147536231884058,124,Freddie Freeman,518692.0
8125,,,R,5,0.514390243902439,118,Jorge Polanco,593871.0
13446,,,R,4,0.5131308411214953,92,Shohei Ohtani,660271.0
15057,,,L,4,0.5092325581395349,41,William Contreras,661388.0
780,,,L,5,0.5031136363636364,43,Andrew Vaughn,683734.0
13739,,,R,5,0.5024624277456647,157,Teoscar Hernandez,606192.0
5273,,,L,9,0.50190625,28,Freddie Freeman,518692.0
2401,,,L,7,0.4948823529411765,11,Cal Raleigh,663728.0
13448,,,R,6,0.494123595505618,73,Shohei Ohtani,660271.0
13435,,,L,3,0.4902666666666667,23,Shohei Ohtani,660271.0
4264,,,L,9,0.48333333333333334,3,Dominic Canzone,686527.0
3153,,,R,8,0.4784594594594595,98,Christian Yelich,592885.0
790,,,R,5,0.4774887218045113,122,Andrew Vaughn,683734.0
2432,,,L,6,0.47741666666666666,12,Caleb Durbin,702332.0
2428,,,L,2,0.47506666666666664,15,Caleb Durbin,702332.0
41,Robert Gasser,688107.0,L,5,0.47425,3,,
466,,,L,7,0.47263157894736846,17,Alex Call,669743.0
2409,,,R,5,0.46962992125984254,109,Cal Raleigh,663728.0
14776,,,R,3,0.46941463414634144,33,Vladimir Guerrero Jr.,665489.0
5282,,,R,8,0.4663481481481482,121,Freddie Freeman,518692.0
5270,,,L,6,0.4662,37,Freddie Freeman,518692.0
6421,,,L,8,0.4644,23,Jackson Chourio,694192.0
2398,,,L,4,0.46208,23,Cal Raleigh,663728.0
11305,,,L,3,0.46,1,Nathan Lukes,664770.0
8511,,,R,8,0.4584210526315789,83,Josh Naylor,647304.0
5494,,,R,6,0.4577836257309942,162,George Springer,543807.0
781,,,L,6,0.4559302325581395,41,Andrew Vaughn,683734.0
11205,,,R,4,0.45562376237623764,98,Mookie Betts,605141.0
945,,,L,8,0.4553589743589744,34,Anthony Santander,623993.0
857,,,L,5,0.45496551724137935,28,Andy Pages,681624.0
5,Luis Castillo,622491.0,L,5,0.4547596899224806,120,,
14768,,,L,5,0.4536304347826087,42,Vladimir Guerrero Jr.,665489.0
12468,,,L,8,0.45265116279069767,38,Randy Arozarena,668227.0
5278,,,R,4,0.4526203703703704,91,Freddie Freeman,518692.0
8616,,,L,9,0.4526,29,Julio Rodriguez,677594.0
15068,,,R,5,0.45178531073446326,160,William Contreras,661388.0
13443,,,R,1,0.44916923076923077,45,Shohei Ohtani,660271.0
5040,,,L,6,0.4481538461538461,44,Eugenio Suarez,553993.0
792,,,R,7,0.448,50,Andrew Vaughn,683734.0
29,Max Scherzer,453286.0,R,2,0.44627272727272727,25,,
13433,,,L,1,0.4459666666666667,26,Shohei Ohtani,660271.0
6426,,,R,4,0.44556666666666667,87,Jackson Chourio,694192.0
5283,,,R,9,0.4455454545454545,72,Freddie Freeman,518692.0
951,,,R,5,0.44485087719298244,106,Anthony Santander,623993.0
23,Max Scherzer,453286.0,L,5,0.44301515151515153,64,,
32,Max Scherzer,453286.0,R,5,0.443,64,,
14775,,,R,2,0.4428793103448276,53,Vladimir Guerrero Jr.,665489.0
789,,,R,4,0.44234653465346535,94,Andrew Vaughn,683734.0
3146,,,R,1,0.44221052631578944,26,Christian Yelich,592885.0
12463,,,L,3,0.4421818181818182,16,Randy Arozarena,668227.0
5039,,,L,5,0.4415294117647059,44,Eugenio Suarez,553993.0
13911,,,L,2,0.43957575757575756,28,Tommy Edman,669242.0
2411,,,R,7,0.4395,78,Cal Raleigh,663728.0
13725,,,L,1,0.439,16,Teoscar Hernandez,606192.0
8612,,,L,5,0.43861403508771935,49,Julio Rodriguez,677594.0
8622,,,R,5,0.43737724550898205,154,Julio Rodriguez,677594.0
13441,,,L,9,0.437375,21,Shohei Ohtani,660271.0
198,,,R,8,0.43717910447761194,57,Addison Barger,680718.0
384,,,L,2,0.43636,22,Alejandro Kirk,672386.0
5272,,,L,8,0.4356091954022988,81,Freddie Freeman,518692.0
6649,,,L,8,0.43479999999999996,4,Jake Bauers,641343.0
2056,,,L,9,0.4345833333333333,21,Brice Turang,668930.0
14663,,,L,1,0.4326666666666667,8,Victor Robles,645302.0
779,,,L,4,0.4324411764705882,32,Andrew Vaughn,683734.0
6654,,,R,4,0.43185507246376814,53,Jake Bauers,641343.0
787,,,R,2,0.43184126984126986,57,Andrew Vaughn,683734.0
4988,,,L,7,0.43105000000000004,20,Ernie Clement,676391.0
5269,,,L,5,0.43068115942028984,61,Freddie Freeman,518692.0
3937,,,R,5,0.42857462686567166,120,Daulton Varsho,662139.0
394,,,R,3,0.4284615384615385,43,Alejandro Kirk,672386.0
2412,,,R,8,0.4276638655462185,86,Cal Raleigh,663728.0
8505,,,R,2,0.42752112676056336,66,Josh Naylor,647304.0
13438,,,L,6,0.42705999999999994,43,Shohei Ohtani,660271.0
8619,,,R,2,0.4268924731182796,73,Julio Rodriguez,677594.0
14777,,,R,4,0.4263426966292135,168,Vladimir Guerrero Jr.,665489.0
869,,,R,8,0.42474000000000006,90,Andy Pages,681624.0
389,,,L,7,0.4234210526315789,17,Alejandro Kirk,672386.0
8508,,,R,5,0.4229024390243903,118,Josh Naylor,647304.0
4987,,,L,6,0.42278787878787877,33,Ernie Clement,676391.0
43,Robert Gasser,688107.0,L,7,0.42250000000000004,2,,
465,,,L,6,0.42223333333333335,23,Alex Call,669743.0
6415,,,L,2,0.4217222222222222,15,Jackson Chourio,694192.0
14667,,,L,5,0.42163157894736836,18,Victor Robles,645302.0
11206,,,R,5,0.4215103092783505,194,Mookie Betts,605141.0
8128,,,R,8,0.4209833333333333,100,Jorge Polanco,593871.0
8509,,,R,6,0.4209615384615385,68,Josh Naylor,647304.0
35,Max Scherzer,453286.0,R,8,0.4193673469387755,34,,
782,,,L,7,0.4190384615384615,23,Andrew Vaughn,683734.0
11197,,,L,6,0.41886274509803917,47,Mookie Betts,605141.0
6418,,,L,5,0.41882222222222226,42,Jackson Chourio,694192.0
14769,,,L,6,0.41814999999999997,35,Vladimir Guerrero Jr.,665489.0
693,,,R,5,0.41795419847328247,119,Andres Gimenez,665926.0
4256,,,L,1,0.41775,4,Dominic Canzone,686527.0
8611,,,L,4,0.41674074074074074,45,Julio Rodriguez,677594.0
12475,,,R,5,0.41633557046979863,124,Randy Arozarena,668227.0
5268,,,L,4,0.41565517241379313,50,Freddie Freeman,518692.0
184,,,L,3,0.4154,4,Addison Barger,680718.0
8610,,,L,3,0.4153076923076923,17,Julio Rodriguez,677594.0
3151,,,R,6,0.41355555555555557,66,Christian Yelich,592885.0
14994,,,R,4,0.41327368421052635,86,Will Smith,669257.0
14984,,,L,4,0.4130833333333333,23,Will Smith,669257.0
5483,,,L,5,0.4129,49,George Springer,543807.0
11208,,,R,7,0.4127843137254902,47,Mookie Betts,605141.0
14780,,,R,7,0.41233333333333333,91,Vladimir Guerrero Jr.,665489.0
13445,,,R,3,0.4105555555555555,48,Shohei Ohtani,660271.0
858,,,L,6,0.40991999999999995,19,Andy Pages,681624.0
6429,,,R,7,0.40944444444444444,40,Jackson Chourio,694192.0
65,Tyler Glasnow,607192.0,R,2,0.4094237288135593,49,,
6658,,,R,8,0.4092857142857143,73,Jake Bauers,641343.0
14995,,,R,5,0.409,133,Will Smith,669257.0
4916,,,L,8,0.40807894736842104,35,Enrique Hernandez,571771.0
2402,,,L,8,0.4066222222222223,33,Cal Raleigh,663728.0
39,Robert Gasser,688107.0,L,3,0.4063333333333334,3,,
8114,,,L,4,0.40584615384615386,24,Jorge Polanco,593871.0
6427,,,R,5,0.40501,93,Jackson Chourio,694192.0
2063,,,R,6,0.4048333333333333,94,Brice Turang,668930.0
388,,,L,6,0.40365625,29,Alejandro Kirk,672386.0
5484,,,L,6,0.40336363636363637,40,George Springer,543807.0
8,Luis Castillo,622491.0,L,8,0.40241,90,,
26,Max Scherzer,453286.0,L,8,0.40171153846153845,42,,
14991,,,R,1,0.4014772727272727,36,Will Smith,669257.0
6655,,,R,5,0.4011954022988506,72,Jake Bauers,641343.0
8613,,,L,6,0.4011627906976744,34,Julio Rodriguez,677594.0
8115,,,L,5,0.40099999999999997,36,Jorge Polanco,593871.0
15065,,,R,2,0.40071641791044776,53,William Contreras,661388.0
686,,,L,8,0.40039285714285716,25,Andres Gimenez,665926.0
8495,,,L,1,0.40020689655172415,27,Josh Naylor,647304.0
2400,,,L,6,0.39916666666666667,39,Cal Raleigh,663728.0
14988,,,L,8,0.3991590909090909,37,Will Smith,669257.0
954,,,R,8,0.39874257425742576,88,Anthony Santander,623993.0
866,,,R,5,0.39767961165048543,88,Andy Pages,681624.0
4915,,,L,7,0.39682758620689657,25,Enrique Hernandez,571771.0
189,,,L,8,0.39671428571428574,11,Addison Barger,680718.0
14,Luis Castillo,622491.0,R,5,0.3960681818181818,116,,
14987,,,L,7,0.396,20,Will Smith,669257.0
17,Luis Castillo,622491.0,R,8,0.39594505494505494,82,,
399,,,R,8,0.39593055555555556,72,Alejandro Kirk,672386.0
6220,,,L,5,0.3954179104477612,58,J.P. Crawford,641487.0
199,,,R,9,0.3949736842105263,27,Addison Barger,680718.0
15061,,,L,8,0.39433898305084747,55,William Contreras,661388.0
67,Tyler Glasnow,607192.0,R,4,0.3926285714285714,31,,
4,Luis Castillo,622491.0,L,4,0.3918571428571429,95,,
5042,,,L,8,0.39158333333333334,47,Eugenio Suarez,553993.0
2408,,,R,4,0.3915038759689922,104,Cal Raleigh,663728.0
14771,,,L,8,0.39094545454545454,47,Vladimir Guerrero Jr.,665489.0
13923,,,R,5,0.3901769911504425,110,Tommy Edman,669242.0
2433,,,L,7,0.39,4,Caleb Durbin,702332.0
9,Luis Castillo,622491.0,L,9,0.3880444444444444,28,,
6420,,,L,7,0.3876153846153846,23,Jackson Chourio,694192.0
13915,,,L,6,0.3875294117647059,30,Tommy Edman,669242.0
5041,,,L,7,0.38739285714285715,17,Eugenio Suarez,553993.0
8618,,,R,1,0.3868780487804878,69,Julio Rodriguez,677594.0
8625,,,R,8,0.38659027777777777,128,Julio Rodriguez,677594.0
947,,,R,1,0.3854677419354839,51,Anthony Santander,623993.0
7559,,,R,1,0.38497916666666665,46,Joey Ortiz,687401.0
13731,,,L,7,0.3847307692307692,17,Teoscar Hernandez,606192.0
5049,,,R,5,0.38423936170212764,169,Eugenio Suarez,553993.0
8609,,,L,2,0.3824651162790698,34,Julio Rodriguez,677594.0
15067,,,R,4,0.38237719298245615,107,William Contreras,661388.0
8126,,,R,6,0.38199999999999995,55,Jorge Polanco,593871.0
6233,,,R,8,0.38191803278688524,106,J.P. Crawford,641487.0
11194,,,L,3,0.38188888888888894,14,Mookie Betts,605141.0
2438,,,R,3,0.3807857142857142,11,Caleb Durbin,702332.0
19,Max Scherzer,453286.0,L,1,0.38063888888888886,27,,
11193,,,L,2,0.37955,40,Mookie Betts,605141.0
8496,,,L,2,0.37903636363636367,52,Josh Naylor,647304.0
694,,,R,6,0.37837333333333334,69,Andres Gimenez,665926.0
4925,,,R,7,0.3775,28,Enrique Hernandez,571771.0
396,,,R,5,0.37699180327868853,116,Alejandro Kirk,672386.0
859,,,L,7,0.3766,15,Andy Pages,681624.0
13910,,,L,1,0.37654545454545457,9,Tommy Edman,669242.0
3940,,,R,8,0.37629885057471263,79,Daulton Varsho,662139.0
5275,,,R,1,0.37479166666666663,32,Freddie Freeman,518692.0
22,Max Scherzer,453286.0,L,4,0.3744081632653061,41,,
13917,,,L,8,0.3740810810810811,34,Tommy Edman,669242.0
13736,,,R,2,0.3740327868852459,45,Teoscar Hernandez,606192.0
5052,,,R,8,0.37393548387096776,74,Eugenio Suarez,553993.0
14668,,,L,6,0.3734,14,Victor Robles,645302.0
13726,,,L,2,0.37292000000000003,23,Teoscar Hernandez,606192.0
13740,,,R,6,0.37221374045801525,100,Teoscar Hernandez,606192.0
3154,,,R,9,0.3721875,45,Christian Yelich,592885.0
2440,,,R,5,0.37192452830188677,53,Caleb Durbin,702332.0
6424,,,R,2,0.3718181818181818,37,Jackson Chourio,694192.0
14997,,,R,7,0.37145,36,Will Smith,669257.0
944,,,L,7,0.371125,18,Anthony Santander,623993.0
8624,,,R,7,0.3703970588235294,54,Julio Rodriguez,677594.0
4989,,,L,8,0.37011428571428573,35,Ernie Clement,676391.0
11209,,,R,8,0.3700898876404495,86,Mookie Betts,605141.0
4986,,,L,5,0.3700555555555555,37,Ernie Clement,676391.0
3939,,,R,7,0.3697260273972603,65,Daulton Varsho,662139.0
13732,,,L,8,0.3695,34,Teoscar Hernandez,606192.0
31,Max Scherzer,453286.0,R,4,0.36924444444444443,39,,
8621,,,R,4,0.36920000000000003,109,Julio Rodriguez,677594.0
51,Robert Gasser,688107.0,R,6,0.369,6,,
3149,,,R,4,0.3681566265060241,70,Christian Yelich,592885.0
14774,,,R,1,0.367359375,57,Vladimir Guerrero Jr.,665489.0
13741,,,R,7,0.36726315789473685,63,Teoscar Hernandez,606192.0
860,,,L,8,0.3669705882352941,30,Andy Pages,681624.0
6223,,,L,8,0.3669193548387097,54,J.P. Crawford,641487.0
11195,,,L,4,0.36628205128205127,38,Mookie Betts,605141.0
15069,,,R,6,0.3662237762237762,127,William Contreras,661388.0
4269,,,R,4,0.36596551724137927,52,Dominic Canzone,686527.0
15059,,,L,6,0.36553846153846153,45,William Contreras,661388.0
11308,,,L,6,0.36544444444444446,8,Nathan Lukes,664770.0
14767,,,L,4,0.36453846153846153,37,Vladimir Guerrero Jr.,665489.0
392,,,R,1,0.3643571428571429,55,Alejandro Kirk,672386.0
12469,,,L,9,0.3631904761904762,35,Randy Arozarena,668227.0
2396,,,L,2,0.3630344827586207,24,Cal Raleigh,663728.0
395,,,R,4,0.3628032786885246,58,Alejandro Kirk,672386.0
462,,,L,3,0.36233333333333334,5,Alex Call,669743.0
2410,,,R,6,0.3606,63,Cal Raleigh,663728.0
14998,,,R,8,0.3604594594594595,101,Will Smith,669257.0
7557,,,L,8,0.3603125,30,Joey Ortiz,687401.0
13742,,,R,8,0.3600507246376811,109,Teoscar Hernandez,606192.0
8506,,,R,3,0.35935416666666664,45,Josh Naylor,647304.0
8507,,,R,4,0.35862499999999997,117,Josh Naylor,647304.0
8504,,,R,1,0.35814285714285715,65,Josh Naylor,647304.0
8499,,,L,5,0.35813235294117646,66,Josh Naylor,647304.0
4983,,,L,2,0.35800000000000004,22,Ernie Clement,676391.0
12473,,,R,3,0.35730769230769227,47,Randy Arozarena,668227.0
59,Tyler Glasnow,607192.0,L,5,0.3568571428571429,94,,
1,Luis Castillo,622491.0,L,1,0.3565,46,,
7554,,,L,5,0.3564871794871795,36,Joey Ortiz,687401.0
386,,,L,4,0.35621875000000003,30,Alejandro Kirk,672386.0
13728,,,L,4,0.35617948717948716,34,Teoscar Hernandez,606192.0
8124,,,R,4,0.355196261682243,84,Jorge Polanco,593871.0
8497,,,L,3,0.35473809523809524,39,Josh Naylor,647304.0
3936,,,R,4,0.35473529411764704,80,Daulton Varsho,662139.0
60,Tyler Glasnow,607192.0,L,6,0.3545161290322581,52,,
194,,,R,4,0.3543728813559322,48,Addison Barger,680718.0
6659,,,R,9,0.353,15,Jake Bauers,641343.0
13730,,,L,6,0.353,36,Teoscar Hernandez,606192.0
784,,,L,9,0.3526451612903226,28,Andrew Vaughn,683734.0
5050,,,R,6,0.3524102564102564,119,Eugenio Suarez,553993.0
2066,,,R,9,0.3523974358974359,65,Brice Turang,668930.0
4274,,,R,9,0.3523636363636364,17,Dominic Canzone,686527.0
12477,,,R,7,0.3517719298245614,45,Randy Arozarena,668227.0
3926,,,L,4,0.35148,17,Daulton Varsho,662139.0
464,,,L,5,0.3503684210526316,36,Alex Call,669743.0
14982,,,L,2,0.3503636363636363,28,Will Smith,669257.0
11201,,,R,0,0.35,0,Mookie Betts,605141.0
5274,,,R,0,0.35,0,Freddie Freeman,518692.0
13432,,,L,0,0.35,1,Shohei Ohtani,660271.0
14781,,,R,8,0.3498833333333333,159,Vladimir Guerrero Jr.,665489.0
941,,,L,4,0.34953125,27,Anthony Santander,623993.0
5053,,,R,9,0.3495030303030303,132,Eugenio Suarez,553993.0
8623,,,R,6,0.3492824427480916,105,Julio Rodriguez,677594.0
393,,,R,2,0.349135593220339,54,Alejandro Kirk,672386.0
13085,,,R,5,0.34905309734513273,106,Sal Frelick,686217.0
783,,,L,8,0.34845652173913044,43,Andrew Vaughn,683734.0
13733,,,L,9,0.34750000000000003,34,Teoscar Hernandez,606192.0
8129,,,R,9,0.34707317073170735,32,Jorge Polanco,593871.0
8498,,,L,4,0.3467450980392157,44,Josh Naylor,647304.0
8122,,,R,2,0.3465263157894737,42,Jorge Polanco,593871.0
6230,,,R,5,0.34605232558139537,161,J.P. Crawford,641487.0
14675,,,R,4,0.3459259259259259,27,Victor Robles,645302.0
13086,,,R,6,0.34569444444444447,62,Sal Frelick,686217.0
14676,,,R,5,0.3449642857142857,53,Victor Robles,645302.0
11204,,,R,3,0.34488157894736843,65,Mookie Betts,605141.0
192,,,R,2,0.34419444444444447,27,Addison Barger,680718.0
4994,,,R,4,0.34340740740740744,53,Ernie Clement,676391.0
5496,,,R,8,0.34319879518072294,132,George Springer,543807.0
5281,,,R,7,0.34245736434108526,115,Freddie Freeman,518692.0
853,,,L,1,0.342,7,Andy Pages,681624.0
2059,,,R,2,0.34196341463414637,74,Brice Turang,668930.0
6425,,,R,3,0.3404,14,Jackson Chourio,694192.0
14782,,,R,9,0.34036774193548386,125,Vladimir Guerrero Jr.,665489.0
5037,,,L,3,0.34017857142857144,9,Eugenio Suarez,553993.0
11207,,,R,6,0.3395774647887324,128,Mookie Betts,605141.0
4273,,,R,8,0.3392857142857143,45,Dominic Canzone,686527.0
6419,,,L,6,0.33914285714285713,18,Jackson Chourio,694192.0
2397,,,L,3,0.3389642857142857,16,Cal Raleigh,663728.0
6417,,,L,4,0.33852,23,Jackson Chourio,694192.0
8117,,,L,7,0.3379333333333333,12,Jorge Polanco,593871.0
34,Max Scherzer,453286.0,R,7,0.3367297297297297,26,,
6423,,,R,1,0.336625,37,Jackson Chourio,694192.0
13914,,,L,5,0.3364,45,Tommy Edman,669242.0
15071,,,R,8,0.3351063829787234,116,William Contreras,661388.0
3136,,,L,1,0.3343,14,Christian Yelich,592885.0
4257,,,L,2,0.33375,8,Dominic Canzone,686527.0
11203,,,R,2,0.33361052631578947,80,Mookie Betts,605141.0
8615,,,L,8,0.33351851851851855,22,Julio Rodriguez,677594.0
5280,,,R,6,0.3329739130434783,102,Freddie Freeman,518692.0
4914,,,L,6,0.3328333333333333,18,Enrique Hernandez,571771.0
14779,,,R,6,0.3326689655172414,122,Vladimir Guerrero Jr.,665489.0
11313,,,R,1,0.3325714285714286,16,Nathan Lukes,664770.0
856,,,L,4,0.3322857142857143,20,Andy Pages,681624.0
6219,,,L,4,0.3316851851851852,49,J.P. Crawford,641487.0
7,Luis Castillo,622491.0,L,7,0.3314787234042553,77,,
14772,,,L,9,0.3314571428571429,33,Vladimir Guerrero Jr.,665489.0
5051,,,R,7,0.33107843137254905,35,Eugenio Suarez,553993.0
4268,,,R,3,0.33104761904761904,19,Dominic Canzone,686527.0
683,,,L,5,0.3308596491228071,56,Andres Gimenez,665926.0
3144,,,L,9,0.33052941176470585,29,Christian Yelich,592885.0
5480,,,L,2,0.3305,19,George Springer,543807.0
690,,,R,2,0.3305,73,Andres Gimenez,665926.0
11318,,,R,6,0.330175,36,Nathan Lukes,664770.0
5048,,,R,4,0.3299435483870968,109,Eugenio Suarez,553993.0
5495,,,R,7,0.3292727272727273,52,George Springer,543807.0
2062,,,R,5,0.3290858895705521,144,Brice Turang,668930.0
13449,,,R,7,0.32906382978723403,74,Shohei Ohtani,660271.0
696,,,R,8,0.329,76,Andres Gimenez,665926.0
8512,,,R,9,0.3287096774193548,23,Josh Naylor,647304.0
2442,,,R,7,0.32825000000000004,8,Caleb Durbin,702332.0
6430,,,R,8,0.32822222222222225,55,Jackson Chourio,694192.0
56,Tyler Glasnow,607192.0,L,2,0.32770491803278684,55,,
13912,,,L,3,0.32763636363636367,9,Tommy Edman,669242.0
14985,,,L,5,0.3275348837209302,37,Will Smith,669257.0
2406,,,R,2,0.32743478260869563,72,Cal Raleigh,663728.0
13727,,,L,3,0.3268888888888889,10,Teoscar Hernandez,606192.0
196,,,R,6,0.3259655172413793,27,Addison Barger,680718.0
11314,,,R,2,0.32584615384615384,36,Nathan Lukes,664770.0
6414,,,L,1,0.32576470588235296,17,Jackson Chourio,694192.0
8620,,,R,3,0.3257241379310345,37,Julio Rodriguez,677594.0
8112,,,L,2,0.3254444444444444,17,Jorge Polanco,593871.0
5487,,,L,9,0.3253939393939394,28,George Springer,543807.0
3923,,,L,1,0.32538461538461544,9,Daulton Varsho,662139.0
11196,,,L,5,0.32463768115942027,68,Mookie Betts,605141.0
16,Luis Castillo,622491.0,R,7,0.32406410256410256,63,,
6,Luis Castillo,622491.0,L,6,0.3240138888888889,61,,
6231,,,R,6,0.323796875,54,J.P. Crawford,641487.0
791,,,R,6,0.32285714285714284,106,Andrew Vaughn,683734.0
15070,,,R,7,0.32284999999999997,60,William Contreras,661388.0
861,,,L,9,0.3226842105263158,17,Andy Pages,681624.0
11198,,,L,7,0.3224444444444444,24,Mookie Betts,605141.0
62,Tyler Glasnow,607192.0,L,8,0.3216727272727273,42,,
11321,,,R,9,0.3213870967741936,28,Nathan Lukes,664770.0
71,Tyler Glasnow,607192.0,R,8,0.32098245614035087,41,,
387,,,L,5,0.32057142857142856,33,Alejandro Kirk,672386.0
3143,,,L,8,0.32008571428571425,29,Christian Yelich,592885.0
8119,,,L,9,0.3195,19,Jorge Polanco,593871.0
938,,,L,1,0.3193478260869565,18,Anthony Santander,623993.0
11320,,,R,8,0.319,42,Nathan Lukes,664770.0
6234,,,R,9,0.3187962962962963,35,J.P. Crawford,641487.0
398,,,R,7,0.3183888888888889,52,Alejandro Kirk,672386.0
12478,,,R,8,0.3177107438016529,98,Randy Arozarena,668227.0
6653,,,R,3,0.31755172413793104,18,Jake Bauers,641343.0
14674,,,R,3,0.31741176470588234,14,Victor Robles,645302.0
2050,,,L,3,0.3170333333333334,26,Brice Turang,668930.0
6217,,,L,2,0.3168780487804878,30,J.P. Crawford,641487.0
14764,,,L,1,0.3166111111111111,16,Vladimir Guerrero Jr.,665489.0
3,Luis Castillo,622491.0,L,3,0.31628,40,,
4912,,,L,4,0.3151555555555556,40,Enrique Hernandez,571771.0
777,,,L,2,0.31510344827586206,27,Andrew Vaughn,683734.0
68,Tyler Glasnow,607192.0,R,5,0.3144767441860465,74,,
4982,,,L,1,0.314375,8,Ernie Clement,676391.0
950,,,R,4,0.31405,68,Anthony Santander,623993.0
11200,,,L,9,0.3129166666666667,35,Mookie Betts,605141.0
2405,,,R,1,0.31291250000000004,59,Cal Raleigh,663728.0
680,,,L,2,0.3129,28,Andres Gimenez,665926.0
476,,,R,7,0.31195454545454543,21,Alex Call,669743.0
54,Robert Gasser,688107.0,R,9,0.31183333333333335,6,,
197,,,R,7,0.3116349206349206,55,Addison Barger,680718.0
50,Robert Gasser,688107.0,R,5,0.31123076923076926,12,,
3152,,,R,7,0.31077906976744185,66,Christian Yelich,592885.0
6643,,,L,2,0.31,3,Jake Bauers,641343.0
953,,,R,7,0.30982666666666664,62,Anthony Santander,623993.0
5046,,,R,2,0.30944086021505374,57,Eugenio Suarez,553993.0
14672,,,R,1,0.30942857142857144,7,Victor Robles,645302.0
7562,,,R,4,0.30920731707317073,76,Joey Ortiz,687401.0
5486,,,L,8,0.30918,39,George Springer,543807.0
11316,,,R,4,0.3087837837837838,27,Nathan Lukes,664770.0
6232,,,R,7,0.3085098039215686,93,J.P. Crawford,641487.0
12474,,,R,4,0.3084047619047619,66,Randy Arozarena,668227.0
8626,,,R,9,0.30835135135135133,80,Julio Rodriguez,677594.0
864,,,R,3,0.3076896551724138,14,Andy Pages,681624.0
4997,,,R,7,0.3073636363636364,31,Ernie Clement,676391.0
14678,,,R,7,0.3072142857142857,11,Victor Robles,645302.0
12465,,,L,5,0.30644,44,Randy Arozarena,668227.0
5491,,,R,3,0.3059019607843137,35,George Springer,543807.0
15060,,,L,7,0.3058095238095238,18,William Contreras,661388.0
477,,,R,8,0.3053970588235294,62,Alex Call,669743.0
13919,,,R,1,0.3048709677419355,30,Tommy Edman,669242.0
5038,,,L,4,0.30426190476190473,35,Eugenio Suarez,553993.0
12476,,,R,6,0.30393006993006993,107,Randy Arozarena,668227.0
2061,,,R,4,0.3035098039215686,85,Brice Turang,668930.0
6428,,,R,6,0.303390243902439,65,Jackson Chourio,694192.0
13913,,,L,4,0.30326086956521736,21,Tommy Edman,669242.0
12467,,,L,7,0.303,13,Randy Arozarena,668227.0
5482,,,L,4,0.30267567567567566,32,George Springer,543807.0
4923,,,R,5,0.30190322580645157,86,Enrique Hernandez,571771.0
6656,,,R,6,0.3016666666666667,51,Jake Bauers,641343.0
2060,,,R,3,0.301089552238806,58,Brice Turang,668930.0
8503,,,L,9,0.3008571428571428,13,Josh Naylor,647304.0
5490,,,R,2,0.3004659090909091,67,George Springer,543807.0
942,,,L,5,0.30037142857142857,25,Anthony Santander,623993.0
863,,,R,2,0.30034146341463414,35,Andy Pages,681624.0
12472,,,R,2,0.3000379746835443,52,Randy Arozarena,668227.0
2053,,,L,6,0.29994736842105263,33,Brice Turang,668930.0
4985,,,L,4,0.29982608695652174,23,Ernie Clement,676391.0
786,,,R,1,0.29982539682539683,60,Andrew Vaughn,683734.0
4990,,,L,9,0.2997916666666667,23,Ernie Clement,676391.0
4995,,,R,5,0.29954651162790696,87,Ernie Clement,676391.0
12461,,,L,1,0.2994736842105263,7,Randy Arozarena,668227.0
11317,,,R,5,0.29902083333333335,43,Nathan Lukes,664770.0
397,,,R,6,0.2989583333333333,86,Alejandro Kirk,672386.0
7564,,,R,6,0.29882089552238805,59,Joey Ortiz,687401.0
2065,,,R,8,0.29853103448275864,118,Brice Turang,668930.0
4926,,,R,8,0.29839189189189186,66,Enrique Hernandez,571771.0
15,Luis Castillo,622491.0,R,6,0.29819444444444443,51,,
3147,,,R,2,0.2977558139534884,71,Christian Yelich,592885.0
14981,,,L,1,0.2976842105263158,15,Will Smith,669257.0
13735,,,R,1,0.2972352941176471,39,Teoscar Hernandez,606192.0
2052,,,L,5,0.29717307692307693,48,Brice Turang,668930.0
6651,,,R,1,0.2967297297297297,18,Jake Bauers,641343.0
5489,,,R,1,0.29643749999999996,38,George Springer,543807.0
6229,,,R,4,0.2963131313131313,76,J.P. Crawford,641487.0
13078,,,L,8,0.29614285714285715,10,Sal Frelick,686217.0
5492,,,R,4,0.29602459016393445,115,George Springer,543807.0
8118,,,L,8,0.2959591836734694,44,Jorge Polanco,593871.0
14986,,,L,6,0.29445,30,Will Smith,669257.0
4272,,,R,7,0.294093023255814,33,Dominic Canzone,686527.0
681,,,L,3,0.29333333333333333,23,Andres Gimenez,665926.0
865,,,R,4,0.2926619718309859,70,Andy Pages,681624.0
2441,,,R,6,0.2921304347826087,41,Caleb Durbin,702332.0
12462,,,L,2,0.29181081081081084,26,Randy Arozarena,668227.0
20,Max Scherzer,453286.0,L,2,0.29159615384615384,41,,
3141,,,L,6,0.29101960784313724,45,Christian Yelich,592885.0
4998,,,R,8,0.29037931034482756,55,Ernie Clement,676391.0
15066,,,R,3,0.2899803921568627,38,William Contreras,661388.0
3930,,,L,8,0.2894827586206896,24,Daulton Varsho,662139.0
7563,,,R,5,0.2893896103896104,73,Joey Ortiz,687401.0
793,,,R,8,0.289025,103,Andrew Vaughn,683734.0
7566,,,R,8,0.28894827586206895,49,Joey Ortiz,687401.0
13075,,,L,5,0.288,35,Sal Frelick,686217.0
4910,,,L,2,0.28740909090909095,18,Enrique Hernandez,571771.0
5277,,,R,3,0.2873703703703704,41,Freddie Freeman,518692.0
390,,,L,8,0.28723076923076923,24,Alejandro Kirk,672386.0
939,,,L,2,0.28675,17,Anthony Santander,623993.0
3148,,,R,3,0.28630357142857144,43,Christian Yelich,592885.0
7556,,,L,7,0.2862142857142857,10,Joey Ortiz,687401.0
7555,,,L,6,0.28620833333333334,19,Joey Ortiz,687401.0
12479,,,R,9,0.2862016806722689,90,Randy Arozarena,668227.0
3933,,,R,1,0.28552542372881357,35,Daulton Varsho,662139.0
5265,,,L,1,0.2854166666666667,9,Freddie Freeman,518692.0
14983,,,L,3,0.28505882352941175,12,Will Smith,669257.0
13440,,,L,8,0.2849375,30,Shohei Ohtani,660271.0
4263,,,L,8,0.2842,4,Dominic Canzone,686527.0
6416,,,L,3,0.28415384615384615,6,Jackson Chourio,694192.0
11315,,,R,3,0.28414814814814815,25,Nathan Lukes,664770.0
2429,,,L,3,0.2835714285714286,7,Caleb Durbin,702332.0
7550,,,L,1,0.28332,25,Joey Ortiz,687401.0
7553,,,L,4,0.28300000000000003,23,Joey Ortiz,687401.0
186,,,L,5,0.283,9,Addison Barger,680718.0
6224,,,L,9,0.28284615384615386,23,J.P. Crawford,641487.0
8510,,,R,7,0.2826339285714286,95,Josh Naylor,647304.0
385,,,L,3,0.28231249999999997,10,Alejandro Kirk,672386.0
53,Robert Gasser,688107.0,R,8,0.28227777777777774,15,,
4984,,,L,3,0.28165,18,Ernie Clement,676391.0
44,Robert Gasser,688107.0,L,8,0.2808,5,,
13920,,,R,2,0.28071641791044777,59,Tommy Edman,669242.0
47,Robert Gasser,688107.0,R,2,0.2807142857142857,6,,
13,Luis Castillo,622491.0,R,4,0.28050980392156866,96,,
3139,,,L,4,0.2799142857142857,28,Christian Yelich,592885.0
467,,,L,8,0.2796315789473684,29,Alex Call,669743.0
2434,,,L,8,0.27958333333333335,11,Caleb Durbin,702332.0
4922,,,R,4,0.279,57,Enrique Hernandez,571771.0
4913,,,L,5,0.2786046511627907,38,Enrique Hernandez,571771.0
2055,,,L,8,0.27788636363636365,38,Brice Turang,668930.0
14996,,,R,6,0.2774901960784314,77,Will Smith,669257.0
692,,,R,4,0.2772761904761905,99,Andres Gimenez,665926.0
867,,,R,6,0.2768607594936709,50,Andy Pages,681624.0
13926,,,R,8,0.2765405405405405,64,Tommy Edman,669242.0
3941,,,R,9,0.27544444444444444,36,Daulton Varsho,662139.0
6652,,,R,2,0.2738333333333333,21,Jake Bauers,641343.0
15064,,,R,1,0.27365,48,William Contreras,661388.0
6422,,,L,9,0.2736071428571429,23,Jackson Chourio,694192.0
4258,,,L,3,0.27359999999999995,5,Dominic Canzone,686527.0
2436,,,R,1,0.2733030303030303,30,Caleb Durbin,702332.0
6228,,,R,3,0.2731521739130435,37,J.P. Crawford,641487.0
4920,,,R,2,0.2731219512195122,33,Enrique Hernandez,571771.0
55,Tyler Glasnow,607192.0,L,1,0.2731142857142857,22,,
687,,,L,9,0.27311111111111114,9,Andres Gimenez,665926.0
13927,,,R,9,0.27284615384615385,24,Tommy Edman,669242.0
185,,,L,4,0.27268749999999997,11,Addison Barger,680718.0
3924,,,L,2,0.2721764705882353,12,Daulton Varsho,662139.0
12466,,,L,6,0.27192307692307693,42,Randy Arozarena,668227.0
684,,,L,6,0.2717608695652174,44,Andres Gimenez,665926.0
52,Robert Gasser,688107.0,R,7,0.271625,7,,
27,Max Scherzer,453286.0,L,9,0.27121875,21,,
5047,,,R,3,0.27089090909090907,28,Eugenio Suarez,553993.0
689,,,R,1,0.270859375,56,Andres Gimenez,665926.0
7560,,,R,2,0.26982926829268294,35,Joey Ortiz,687401.0
4996,,,R,6,0.2688032786885246,57,Ernie Clement,676391.0
13084,,,R,4,0.2685982142857143,97,Sal Frelick,686217.0
58,Tyler Glasnow,607192.0,L,4,0.2677826086956522,36,,
682,,,L,4,0.2677551020408163,43,Andres Gimenez,665926.0
13922,,,R,4,0.26720779220779217,66,Tommy Edman,669242.0
69,Tyler Glasnow,607192.0,R,6,0.26642307692307693,60,,
2443,,,R,8,0.26508333333333334,21,Caleb Durbin,702332.0
474,,,R,5,0.26492857142857146,54,Alex Call,669743.0
11,Luis Castillo,622491.0,R,2,0.26492537313432835,41,,
2439,,,R,4,0.2641842105263158,38,Caleb Durbin,702332.0
191,,,R,1,0.26416666666666666,12,Addison Barger,680718.0
794,,,R,9,0.2640094339622642,84,Andrew Vaughn,683734.0
2431,,,L,5,0.2638888888888889,18,Caleb Durbin,702332.0
24,Max Scherzer,453286.0,L,6,0.26321428571428573,39,,
14673,,,R,2,0.2631428571428571,18,Victor Robles,645302.0
13077,,,L,7,0.26287499999999997,12,Sal Frelick,686217.0
14766,,,L,3,0.26258333333333334,7,Vladimir Guerrero Jr.,665489.0
4992,,,R,2,0.2622413793103448,56,Ernie Clement,676391.0
2403,,,L,9,0.26191891891891894,32,Cal Raleigh,663728.0
13081,,,R,1,0.2618732394366197,60,Sal Frelick,686217.0
11319,,,R,7,0.2618064516129032,28,Nathan Lukes,664770.0
6648,,,L,7,0.261125,6,Jake Bauers,641343.0
478,,,R,9,0.260984126984127,51,Alex Call,669743.0
13072,,,L,2,0.26096969696969696,29,Sal Frelick,686217.0
2064,,,R,7,0.2608867924528302,85,Brice Turang,668930.0
6657,,,R,7,0.2608055555555555,49,Jake Bauers,641343.0
11310,,,L,8,0.25966666666666666,4,Nathan Lukes,664770.0
2058,,,R,1,0.2595441176470588,46,Brice Turang,668930.0
6221,,,L,6,0.25825,47,J.P. Crawford,641487.0
4999,,,R,9,0.2575344827586207,52,Ernie Clement,676391.0
13082,,,R,2,0.25749462365591397,87,Sal Frelick,686217.0
13089,,,R,9,0.2572051282051282,26,Sal Frelick,686217.0
11306,,,L,4,0.257,3,Nathan Lukes,664770.0
7561,,,R,3,0.2568214285714286,20,Joey Ortiz,687401.0
13436,,,L,4,0.2564262295081967,44,Shohei Ohtani,660271.0
13921,,,R,3,0.25527777777777777,35,Tommy Edman,669242.0
4993,,,R,3,0.2546,29,Ernie Clement,676391.0
13088,,,R,8,0.25426923076923075,64,Sal Frelick,686217.0
8608,,,L,1,0.2536,26,Julio Rodriguez,677594.0
6642,,,L,1,0.2535,1,Jake Bauers,641343.0
13087,,,R,7,0.2532089552238806,48,Sal Frelick,686217.0
57,Tyler Glasnow,607192.0,L,3,0.2530357142857143,21,,
4917,,,L,9,0.2528333333333333,43,Enrique Hernandez,571771.0
3927,,,L,5,0.2525,36,Daulton Varsho,662139.0
13074,,,L,4,0.25178048780487805,32,Sal Frelick,686217.0
2,Luis Castillo,622491.0,L,2,0.2508383838383838,70,,
2430,,,L,4,0.25055555555555553,9,Caleb Durbin,702332.0
383,,,L,1,0.2505,17,Alejandro Kirk,672386.0
13079,,,L,9,0.25,8,Sal Frelick,686217.0
470,,,R,1,0.24987499999999999,20,Alex Call,669743.0
18,Luis Castillo,622491.0,R,9,0.24986250000000002,61,,
15072,,,R,9,0.2496793893129771,101,William Contreras,661388.0
14679,,,R,8,0.24957142857142856,15,Victor Robles,645302.0
13073,,,L,3,0.24942857142857142,27,Sal Frelick,686217.0
14999,,,R,9,0.24927,73,Will Smith,669257.0
4266,,,R,1,0.2492,21,Dominic Canzone,686527.0
14670,,,L,8,0.24831818181818183,19,Victor Robles,645302.0
468,,,L,9,0.24818181818181817,22,Alex Call,669743.0
943,,,L,6,0.24672413793103448,18,Anthony Santander,623993.0
6227,,,R,2,0.2463673469387755,73,J.P. Crawford,641487.0
14671,,,L,9,0.24627777777777776,15,Victor Robles,645302.0
11202,,,R,1,0.24571830985915494,65,Mookie Betts,605141.0
193,,,R,3,0.24528,23,Addison Barger,680718.0
6222,,,L,7,0.2431818181818182,46,J.P. Crawford,641487.0
463,,,L,4,0.2418076923076923,24,Alex Call,669743.0
13076,,,L,6,0.24162962962962964,25,Sal Frelick,686217.0
3938,,,R,6,0.24152380952380953,44,Daulton Varsho,662139.0
7551,,,L,2,0.2411111111111111,15,Joey Ortiz,687401.0
5043,,,L,9,0.24082758620689654,19,Eugenio Suarez,553993.0
2051,,,L,4,0.23907692307692308,30,Brice Turang,668930.0
11192,,,L,1,0.23858333333333334,21,Mookie Betts,605141.0
3929,,,L,7,0.23809375,28,Daulton Varsho,662139.0
778,,,L,3,0.23700000000000002,11,Andrew Vaughn,683734.0
695,,,R,7,0.23601063829787233,84,Andres Gimenez,665926.0
187,,,L,6,0.2356666666666667,6,Addison Barger,680718.0
13071,,,L,1,0.2354375,12,Sal Frelick,686217.0
11210,,,R,9,0.23538842975206611,99,Mookie Betts,605141.0
5276,,,R,2,0.23524418604651165,72,Freddie Freeman,518692.0
2444,,,R,9,0.23486666666666667,10,Caleb Durbin,702332.0
952,,,R,6,0.23436206896551723,51,Anthony Santander,623993.0
66,Tyler Glasnow,607192.0,R,3,0.23406666666666665,26,,
854,,,L,2,0.23373333333333335,11,Andy Pages,681624.0
955,,,R,9,0.2336,38,Anthony Santander,623993.0
15063,,,R,0,0.2333333333333333,2,William Contreras,661388.0
49,Robert Gasser,688107.0,R,4,0.2333181818181818,21,,
4991,,,R,1,0.23279411764705882,35,Ernie Clement,676391.0
3928,,,L,6,0.23276923076923076,25,Daulton Varsho,662139.0
4260,,,L,5,0.2314375,15,Dominic Canzone,686527.0
948,,,R,2,0.2312325581395349,69,Anthony Santander,623993.0
5497,,,R,9,0.23105228758169935,114,George Springer,543807.0
8127,,,R,7,0.23094318181818183,64,Jorge Polanco,593871.0
4924,,,R,6,0.2309113924050633,65,Enrique Hernandez,571771.0
8500,,,L,6,0.23086956521739133,18,Josh Naylor,647304.0
13918,,,L,9,0.23047826086956522,18,Tommy Edman,669242.0
14989,,,L,9,0.23015,16,Will Smith,669257.0
14992,,,R,2,0.23004285714285716,49,Will Smith,669257.0
14665,,,L,3,0.2295,5,Victor Robles,645302.0
5271,,,L,7,0.22924561403508772,47,Freddie Freeman,518692.0
10,Luis Castillo,622491.0,R,1,0.22905714285714285,54,,
6431,,,R,9,0.2289642857142857,46,Jackson Chourio,694192.0
13439,,,L,7,0.22879310344827586,40,Shohei Ohtani,660271.0
6218,,,L,3,0.22861904761904764,15,J.P. Crawford,641487.0
776,,,L,1,0.22804347826086957,20,Andrew Vaughn,683734.0
788,,,R,3,0.22765306122448978,35,Andrew Vaughn,683734.0
21,Max Scherzer,453286.0,L,3,0.22675,36,,
3138,,,L,3,0.22644444444444445,24,Christian Yelich,592885.0
63,Tyler Glasnow,607192.0,L,9,0.22626785714285716,28,,
475,,,R,6,0.22579591836734694,40,Alex Call,669743.0
5481,,,L,3,0.22512500000000002,9,George Springer,543807.0
400,,,R,9,0.2248030303030303,48,Alejandro Kirk,672386.0
33,Max Scherzer,453286.0,R,6,0.2238611111111111,30,,
13924,,,R,6,0.22325,46,Tommy Edman,669242.0
949,,,R,3,0.22188888888888889,35,Anthony Santander,623993.0
13925,,,R,7,0.22188524590163936,49,Tommy Edman,669242.0
5045,,,R,1,0.22188,38,Eugenio Suarez,553993.0
3137,,,L,2,0.2216470588235294,13,Christian Yelich,592885.0
8123,,,R,3,0.221,24,Jorge Polanco,593871.0
8614,,,L,7,0.22091304347826085,13,Julio Rodriguez,677594.0
4262,,,L,7,0.22066666666666665,7,Dominic Canzone,686527.0
15062,,,L,9,0.22054054054054054,31,William Contreras,661388.0
64,Tyler Glasnow,607192.0,R,1,0.22016666666666665,19,,
8116,,,L,6,0.21945454545454546,26,Jorge Polanco,593871.0
3934,,,R,2,0.21945054945054943,66,Daulton Varsho,662139.0
14993,,,R,3,0.2190212765957447,26,Will Smith,669257.0
4911,,,L,3,0.21729411764705883,13,Enrique Hernandez,571771.0
5266,,,L,2,0.21724137931034482,19,Freddie Freeman,518692.0
8121,,,R,1,0.21689473684210528,20,Jorge Polanco,593871.0
14664,,,L,2,0.21609090909090908,11,Victor Robles,645302.0
2054,,,L,7,0.21544,15,Brice Turang,668930.0
7565,,,R,7,0.21538709677419354,27,Joey Ortiz,687401.0
15054,,,L,1,0.215,18,William Contreras,661388.0
2437,,,R,2,0.2147857142857143,27,Caleb Durbin,702332.0
13083,,,R,3,0.21280357142857143,51,Sal Frelick,686217.0
15056,,,L,3,0.2119090909090909,5,William Contreras,661388.0
7567,,,R,9,0.21126785714285715,43,Joey Ortiz,687401.0
8502,,,L,8,0.21058620689655172,23,Josh Naylor,647304.0
14666,,,L,4,0.20966666666666667,12,Victor Robles,645302.0
13743,,,R,9,0.20945222929936305,106,Teoscar Hernandez,606192.0
870,,,R,9,0.2094102564102564,55,Andy Pages,681624.0
862,,,R,1,0.20844444444444443,28,Andy Pages,681624.0
5035,,,L,1,0.2082608695652174,12,Eugenio Suarez,553993.0
471,,,R,2,0.20788571428571428,28,Alex Call,669743.0
685,,,L,7,0.2066551724137931,24,Andres Gimenez,665926.0
855,,,L,3,0.20633333333333334,6,Andy Pages,681624.0
61,Tyler Glasnow,607192.0,L,7,0.2057027027027027,27,,
13737,,,R,3,0.20444642857142856,29,Teoscar Hernandez,606192.0
25,Max Scherzer,453286.0,L,7,0.20342553191489363,35,,
12471,,,R,1,0.20297916666666668,30,Randy Arozarena,668227.0
940,,,L,3,0.20266666666666666,7,Anthony Santander,623993.0
5036,,,L,2,0.20170000000000002,15,Eugenio Suarez,553993.0
7552,,,L,3,0.1996666666666667,6,Joey Ortiz,687401.0
679,,,L,1,0.19521052631578947,14,Andres Gimenez,665926.0
6226,,,R,1,0.19354237288135595,32,J.P. Crawford,641487.0
460,,,L,1,0.19333333333333333,11,Alex Call,669743.0
36,Max Scherzer,453286.0,R,9,0.19131034482758622,40,,
2048,,,L,1,0.19094117647058823,14,Brice Turang,668930.0
14677,,,R,6,0.19073333333333334,37,Victor Robles,645302.0
4927,,,R,9,0.19063888888888889,56,Enrique Hernandez,571771.0
3925,,,L,3,0.18892307692307692,9,Daulton Varsho,662139.0
2049,,,L,2,0.18778571428571428,10,Brice Turang,668930.0
7558,,,L,9,0.1874705882352941,13,Joey Ortiz,687401.0
691,,,R,3,0.18690384615384614,47,Andres Gimenez,665926.0
5267,,,L,3,0.18584,20,Freddie Freeman,518692.0
2413,,,R,9,0.18504545454545454,14,Cal Raleigh,663728.0
8113,,,L,3,0.1846153846153846,10,Jorge Polanco,593871.0
6645,,,L,4,0.18283333333333332,4,Jake Bauers,641343.0
473,,,R,4,0.1825945945945946,32,Alex Call,669743.0
28,Max Scherzer,453286.0,R,1,0.18180000000000002,23,,
2435,,,L,9,0.18116666666666667,5,Caleb Durbin,702332.0
190,,,L,9,0.18100000000000002,5,Addison Barger,680718.0
15055,,,L,2,0.17954545454545456,16,William Contreras,661388.0
5485,,,L,7,0.17763636363636362,10,George Springer,543807.0
3145,,,R,0,0.175,2,Christian Yelich,592885.0
72,Tyler Glasnow,607192.0,R,9,0.17335443037974685,50,,
697,,,R,9,0.17310204081632652,34,Andres Gimenez,665926.0
12,Luis Castillo,622491.0,R,3,0.17301639344262296,39,,
946,,,L,9,0.17226666666666668,24,Anthony Santander,623993.0
4919,,,R,1,0.1702,25,Enrique Hernandez,571771.0
12464,,,L,4,0.16893333333333332,22,Randy Arozarena,668227.0
472,,,R,3,0.16822222222222222,13,Alex Call,669743.0
14680,,,R,9,0.16653846153846155,16,Victor Robles,645302.0
14770,,,L,7,0.165625,11,Vladimir Guerrero Jr.,665489.0
2407,,,R,3,0.15893617021276596,37,Cal Raleigh,663728.0
3935,,,R,3,0.1588813559322034,40,Daulton Varsho,662139.0
8501,,,L,7,0.15869230769230772,13,Josh Naylor,647304.0
6644,,,L,3,0.156,3,Jake Bauers,641343.0
3142,,,L,7,0.15538636363636363,30,Christian Yelich,592885.0
14669,,,L,7,0.154625,6,Victor Robles,645302.0
11311,,,L,9,0.15125,4,Nathan Lukes,664770.0
461,,,L,2,0.14996,21,Alex Call,669743.0
391,,,L,9,0.14588235294117646,16,Alejandro Kirk,672386.0
3931,,,L,9,0.137875,7,Daulton Varsho,662139.0
8111,,,L,1,0.13633333333333333,11,Jorge Polanco,593871.0
11309,,,L,7,0.136,4,Nathan Lukes,664770.0
4909,,,L,1,0.13577272727272727,18,Enrique Hernandez,571771.0
30,Max Scherzer,453286.0,R,3,0.1348095238095238,15,,
6647,,,L,6,0.13228571428571428,6,Jake Bauers,641343.0
188,,,L,7,0.12885,9,Addison Barger,680718.0
2395,,,L,1,0.12329411764705883,14,Cal Raleigh,663728.0
4921,,,R,3,0.1232,10,Enrique Hernandez,571771.0
4259,,,L,4,0.11825,3,Dominic Canzone,686527.0
70,Tyler Glasnow,607192.0,R,7,0.11473333333333333,8,,
6650,,,L,9,0.10925,3,Jake Bauers,641343.0
11303,,,L,1,0.109,2,Nathan Lukes,664770.0
6216,,,L,1,0.10715384615384617,4,J.P. Crawford,641487.0
13916,,,L,7,0.09499999999999999,7,Tommy Edman,669242.0
5479,,,L,1,0.09478260869565218,17,George Springer,543807.0
40,Robert Gasser,688107.0,L,4,0.0895,3,,
2427,,,L,1,0.082,12,Caleb Durbin,702332.0
11307,,,L,5,0.06788888888888889,8,Nathan Lukes,664770.0
183,,,L,2,0.0622,3,Addison Barger,680718.0
42,Robert Gasser,688107.0,L,6,0.028,1,,
46,Robert Gasser,688107.0,R,1,0.0225,3,,
38,Robert Gasser,688107.0,L,2,0.009,1,,
2404,,,R,0,0.0,1,Cal Raleigh,663728.0
37,Robert Gasser,688107.0,L,1,0.0,0,,
2057,,,R,0,0.0,2,Brice Turang,668930.0
14773,,,R,0,0.0,1,Vladimir Guerrero Jr.,665489.0
14980,,,L,0,0.0,1,Will Smith,669257.0
14990,,,R,0,0.0,2,Will Smith,669257.0
12470,,,R,0,0.0,1,Randy Arozarena,668227.0
11312,,,R,0,0.0,1,Nathan Lukes,664770.0
11304,,,L,2,0.0,0,Nathan Lukes,664770.0
5044,,,R,0,0.0,1,Eugenio Suarez,553993.0
8617,,,R,0,0.0,1,Julio Rodriguez,677594.0
11191,,,L,0,0.0,1,Mookie Betts,605141.0
182,,,L,1,0.0,0,Addison Barger,680718.0
13070,,,L,0,0.0,1,Sal Frelick,686217.0
4265,,,R,0,0.0,1,Dominic Canzone,686527.0
13080,,,R,0,0.0,2,Sal Frelick,686217.0
3932,,,R,0,0.0,0,Daulton Varsho,662139.0
459,,,L,0,0.0,2,Alex Call,669743.0
5488,,,R,0,0.0,2,George Springer,543807.0
6215,,,L,0,0.0,0,J.P. Crawford,641487.0
4908,,,L,0,0.0,0,Enrique Hernandez,571771.0
469,,,R,0,0.0,1,Alex Call,669743.0
6225,,,R,0,0.0,1,J.P. Crawford,641487.0
13442,,,R,0,0.0,0,Shohei Ohtani,660271.0
0,Luis Castillo,622491.0,L,0,,0,,
45,Robert Gasser,688107.0,L,9,,0,,
688,,,R,0,,0,Andres Gimenez,665926.0
785,,,R,0,,0,Andrew Vaughn,683734.0
4918,,,R,0,,0,Enrique Hernandez,571771.0
8120,,,R,0,,0,Jorge Polanco,593871.0
11302,,,L,0,,0,Nathan Lukes,664770.0
