,Team,Player,SAVID,Hand,player_name,pitcher,PitchesThrown,PA_flag,IsStrikeout,IsWalk,IsSwStr,InZone,K%,BB%,SwStr%,Zone%,launch_speed,launch_angle,estimated_woba_using_speedangle
0,BAL,Corbin Martin,656686,R,Corbin Martin,656686,225,61.0,15,6,32,110,0.2459016393442623,0.09836065573770492,0.14222222222222222,0.4888888888888889,23.76533333333333,3.2577777777777777,0.3584233898305085
1,BAL,Dietrich Enns,608650,L,Dietrich Enns,608650,462,116.0,31,5,67,246,0.2672413793103448,0.04310344827586207,0.14502164502164502,0.5324675324675324,27.881385281385285,7.577922077922078,0.2889396551724138
2,BAL,Kade Strowd,669704,R,Kade Strowd,669704,194,51.0,6,6,20,93,0.11764705882352941,0.11764705882352941,0.10309278350515463,0.4793814432989691,27.57164948453608,4.360824742268041,0.2868233333333333
3,BAL,Keegan Akin,669211,L,Keegan Akin,669211,2046,513.0,141,42,274,1082,0.27485380116959063,0.08187134502923976,0.13391984359726294,0.5288367546432062,27.49359487590072,8.142514011208966,0.28805696296296296
4,BAL,Rico Garcia,670329,R,Rico Garcia,670329,328,76.0,23,4,48,173,0.3026315789473684,0.05263157894736842,0.14634146341463414,0.5274390243902439,26.929915966386552,8.198319327731092,0.32746323529411764
5,BAL,Yaramil Hiraldo,682274,R,Yaramil Hiraldo,682274,195,50.0,11,5,38,86,0.22,0.1,0.19487179487179487,0.441025641025641,27.727179487179487,10.4,0.25538
6,BAL,Yennier Cano,666974,R,Yennier Cano,666974,1770,441.0,107,40,212,830,0.24263038548752835,0.09070294784580499,0.11977401129943503,0.4689265536723164,26.66401148188016,-0.23896663078579117,0.289785657821229
7,CIN,Brent Suter,608718,L,Brent Suter,608718,1994,516.0,93,27,202,1037,0.18023255813953487,0.05232558139534884,0.10130391173520562,0.5200601805416248,27.40371437720141,5.5392251040666025,0.2944235895522388
8,CIN,Emilio Pagan,641941,R,Emilio Pagan,641941,1422,364.0,103,31,220,739,0.28296703296703296,0.08516483516483517,0.15471167369901548,0.519690576652602,29.916351188078938,9.91139750302054,0.29406149842271295
9,CIN,Graham Ashcraft,668933,R,Graham Ashcraft,668933,2252,598.0,112,51,282,1093,0.18729096989966554,0.08528428093645485,0.12522202486678508,0.48534635879218474,28.472246503496503,4.016826923076923,0.329189024026512
10,CIN,Nick Martinez,607259,R,Nick Martinez,607259,4370,1166.0,221,52,454,2342,0.1895368782161235,0.044596912521440824,0.10389016018306636,0.5359267734553775,28.57876164025486,6.2893318085280185,0.3008628500619579
11,CIN,Sam Moll,594580,L,Sam Moll,594580,902,218.0,57,21,108,444,0.26146788990825687,0.0963302752293578,0.1197339246119734,0.49223946784922396,25.248157758173324,4.093409444732745,0.2639008170212766
12,CIN,Scott Barlow,605130,R,Scott Barlow,605130,2050,484.0,131,61,279,920,0.2706611570247934,0.12603305785123967,0.13609756097560977,0.44878048780487806,22.135324915306434,3.3058207576224206,0.30237108258064516
13,CIN,Tony Santillan,663574,R,Tony Santillan,663574,1475,359.0,103,31,206,789,0.28690807799442897,0.08635097493036212,0.13966101694915253,0.5349152542372881,28.159452411994785,8.925684485006519,0.30999989333333333
14,NYM,Brooks Raley,548384,L,Brooks Raley,548384,314,73.0,21,8,28,157,0.2876712328767123,0.1095890410958904,0.08917197452229299,0.5,23.27297721916732,4.914375490966221,0.26889452380952383
15,NYM,Edwin Diaz,621242,R,Edwin Diaz,621242,1702,406.0,154,37,314,821,0.3793103448275862,0.09113300492610837,0.1844888366627497,0.48237367802585196,21.76051703877791,4.968272620446533,0.25537563054187196
16,NYM,Frankie Montas,593423,R,Frankie Montas,593423,3341,832.0,180,79,401,1623,0.21634615384615385,0.09495192307692307,0.12002394492666867,0.4857826997904819,27.89156519156519,6.506682506682506,0.3371221794258373
17,NYM,Gregory Soto,642397,L,Gregory Soto,642397,1708,438.0,117,42,244,845,0.2671232876712329,0.0958904109589041,0.14285714285714285,0.49473067915690866,24.93051608077786,4.023934181002244,0.2881439707602339
18,NYM,Reed Garrett,657585,R,Reed Garrett,657585,1870,457.0,144,51,289,811,0.3150984682713348,0.11159737417943107,0.15454545454545454,0.43368983957219254,23.076499774470005,4.155615696887686,0.2910136236162362
19,NYM,Ryan Helsley,664854,R,Ryan Helsley,664854,1657,450.0,128,35,301,886,0.28444444444444444,0.07777777777777778,0.1816535908267954,0.5347012673506337,27.081669611307422,6.325971731448763,0.2643395101351351
20,NYM,Tyler Rogers,643511,R,Tyler Rogers,643511,1776,525.0,92,9,174,1062,0.17523809523809525,0.017142857142857144,0.09797297297297297,0.597972972972973,31.188620689655174,3.99,0.2560755563636364
21,MIA,Cade Gibson,806188,L,Cade Gibson,806188,620,160.0,28,9,53,304,0.175,0.05625,0.08548387096774193,0.49032258064516127,26.415,2.1258064516129034,0.3182787987421384
22,MIA,Calvin Faucher,676534,R,Calvin Faucher,676534,1826,432.0,110,43,206,860,0.25462962962962965,0.09953703703703703,0.11281489594742607,0.4709748083242059,24.831111111111113,4.782478632478632,0.32839842987249546
23,MIA,Josh Simpson,681006,L,Josh Simpson,681006,388,95.0,23,12,45,194,0.24210526315789474,0.12631578947368421,0.11597938144329897,0.5,25.421134020618556,2.149484536082474,0.2994148936170213
24,MIA,Lake Bachar,669199,R,Lake Bachar,669199,1024,263.0,71,24,135,486,0.26996197718631176,0.09125475285171103,0.1318359375,0.474609375,23.53408203125,5.8251953125,0.31578614503816793
25,MIA,Ronny Henriquez,678692,R,Ronny Henriquez,678692,1221,320.0,96,24,201,583,0.3,0.075,0.16461916461916462,0.4774774774774775,25.34176904176904,5.217035217035217,0.30766882131661444
26,MIA,Tyler Phillips,663969,R,Tyler Phillips,663969,1460,410.0,69,26,171,717,0.16829268292682928,0.06341463414634146,0.11712328767123288,0.4910958904109589,29.027465753424657,2.0616438356164384,0.32997649756097563
27,MIA,Tyler Zuber,676604,R,Tyler Zuber,676604,227,50.0,15,4,24,115,0.3,0.08,0.10572687224669604,0.5066079295154186,27.2,8.62114537444934,0.30936
28,MIA,Valente Bellozo,678368,R,Valente Bellozo,678368,2177,577.0,89,38,204,1103,0.15424610051993068,0.0658578856152513,0.09370693615066605,0.506660542030317,30.17395498392283,10.339917317409279,0.33979028695652175
29,STL,Andre Granillo,701552,R,Andre Granillo,701552,291,73.0,12,6,42,151,0.1643835616438356,0.0821917808219178,0.14432989690721648,0.5189003436426117,26.86426116838488,8.130584192439862,0.31913874999999997
30,STL,Anthony Veneziano,685107,L,Anthony Veneziano,685107,668,162.0,35,13,83,338,0.21604938271604937,0.08024691358024691,0.12425149700598802,0.5059880239520959,29.567954220314736,6.575107296137339,0.3531388143712575
31,STL,JoJo Romero,668941,L,JoJo Romero,668941,1677,436.0,96,32,193,827,0.22018348623853212,0.07339449541284404,0.11508646392367322,0.49314251639833034,24.481932584269664,2.8364044943820224,0.29867580589254766
32,STL,Jorge Alcala,660896,R,Jorge Alcala,660896,1775,436.0,107,43,229,911,0.24541284403669725,0.09862385321100918,0.12901408450704224,0.5132394366197183,25.528175740210123,6.76647564469914,0.3038694813359529
33,STL,Kyle Leahy,681517,R,Kyle Leahy,681517,1720,467.0,93,31,204,911,0.19914346895074947,0.06638115631691649,0.1186046511627907,0.5296511627906977,30.51681664791901,6.991563554555681,0.33876129313929315
34,STL,Matt Svanson,694335,R,Matt Svanson,694335,669,163.0,43,13,73,351,0.26380368098159507,0.07975460122699386,0.10911808669656203,0.5246636771300448,26.54768310911809,6.710014947683109,0.28272374233128833
35,STL,Riley O'Brien,676617,R,Riley O'Brien,676617,757,187.0,45,24,83,352,0.24064171122994651,0.12834224598930483,0.1096433289299868,0.46499339498018494,23.198546895640686,2.977542932628798,0.31634316577540106
36,STL,Ryan Fernandez,681676,R,Ryan Fernandez,681676,1472,353.0,87,35,219,666,0.24645892351274787,0.09915014164305949,0.1487771739130435,0.452445652173913,25.485258152173916,4.682744565217392,0.30415209116809117
37,WSH,Clayton Beeter,690925,R,Clayton Beeter,690925,264,65.0,14,9,29,127,0.2153846153846154,0.13846153846153847,0.10984848484848485,0.4810606060606061,25.81098484848485,9.575757575757576,0.32765625
38,WSH,Jackson Rutledge,671131,R,Jackson Rutledge,671131,1213,295.0,60,23,147,611,0.2033898305084746,0.07796610169491526,0.12118713932399011,0.5037098103874691,27.633867864015393,6.545862732520846,0.35766090000000006
39,WSH,Konnor Pilkington,663455,L,Konnor Pilkington,663455,219,57.0,14,7,25,103,0.24561403508771928,0.12280701754385964,0.1141552511415525,0.4703196347031963,24.61814671814672,7.003861003861004,0.40535839999999995
40,WSH,Orlando Ribalta,687377,R,Orlando Ribalta,687377,367,89.0,17,10,53,181,0.19101123595505617,0.11235955056179775,0.1444141689373297,0.49318801089918257,28.8433242506812,9.384196185286104,0.34874384269662917
41,WSH,PJ Poulin,676571,L,PJ Poulin,676571,135,35.0,9,4,15,66,0.2571428571428571,0.11428571428571428,0.1111111111111111,0.4888888888888889,23.47925925925926,4.733333333333333,0.33813888571428574
42,WSH,Shinnosuke Ogasawara,829272,L,Shinnosuke Ogasawara,829272,297,77.0,12,6,30,164,0.15584415584415584,0.07792207792207792,0.10101010101010101,0.5521885521885522,27.382154882154882,5.269360269360269,0.32662311688311685
43,PHI,David Robertson,502085,R,David Robertson,502085,1290,313.0,106,26,161,636,0.33865814696485624,0.08306709265175719,0.1248062015503876,0.4930232558139535,23.43862569355527,4.530516431924883,0.2775653752181501
44,PHI,Jhoan Duran,661395,R,Jhoan Duran,661395,1718,447.0,124,27,277,877,0.27740492170022374,0.06040268456375839,0.1612339930151339,0.510477299185099,25.395063985374772,1.3213893967093235,0.2532943797101449
45,PHI,Joe Ross,605452,R,Joe Ross,605452,2025,538.0,104,43,256,1079,0.19330855018587362,0.07992565055762081,0.12641975308641976,0.5328395061728395,28.897432098765435,6.444444444444445,0.3355581567164179
46,PHI,Jordan Romano,605447,R,Jordan Romano,605447,887,240.0,58,18,116,482,0.24166666666666667,0.075,0.13077790304396844,0.5434047350620068,26.361931187569365,6.056048834628191,0.30554410833333334
47,PHI,Jose Alvarado,621237,L,Jose Alvarado,621237,1404,344.0,89,31,182,680,0.25872093023255816,0.09011627906976744,0.12962962962962962,0.4843304843304843,24.934296365330848,4.1430568499534015,0.2860197902912622
48,PHI,Matt Strahm,621381,L,Matt Strahm,621381,1780,437.0,134,25,235,978,0.30663615560640733,0.057208237986270026,0.13202247191011235,0.549438202247191,28.203496503496503,9.379847425301971,0.26531435759897826
49,PHI,Orion Kerkering,689147,R,Orion Kerkering,689147,1905,466.0,124,35,223,1008,0.26609442060085836,0.07510729613733906,0.11706036745406824,0.5291338582677165,24.025954198473283,4.649872773536896,0.28596554488517745
50,PHI,Tanner Banks,621383,L,Tanner Banks,621383,2033,519.0,131,30,252,1058,0.2524084778420039,0.057803468208092484,0.12395474667978357,0.5204131824889326,27.415098684210523,6.962171052631579,0.29996807320261437
51,PIT,Andrew Heaney,571760,L,Andrew Heaney,571760,4730,1210.0,242,79,550,2388,0.2,0.0652892561983471,0.11627906976744186,0.5048625792811839,28.239001772807857,7.083185599345425,0.3340644569247546
52,PIT,Carmen Mlodzinski,669387,R,Carmen Mlodzinski,669387,2160,548.0,111,38,239,1084,0.20255474452554745,0.06934306569343066,0.11064814814814815,0.5018518518518519,28.034569679510263,6.006481814908175,0.3125111151079137
53,PIT,Colin Holderman,670059,R,Colin Holderman,670059,1203,309.0,68,38,159,596,0.22006472491909385,0.12297734627831715,0.13216957605985039,0.49542809642560265,26.79353023909986,4.626816690107829,0.3191140699815838
54,PIT,Dennis Santana,642701,R,Dennis Santana,642701,1895,495.0,111,32,265,1000,0.22424242424242424,0.06464646464646465,0.13984168865435356,0.5277044854881267,28.26469754253308,6.473062381852552,0.296343
55,PIT,Isaac Mattson,676755,R,Isaac Mattson,676755,653,158.0,42,17,79,349,0.26582278481012656,0.10759493670886076,0.12098009188361408,0.5344563552833078,28.420367534456354,11.154670750382849,0.29157670063694263
56,PIT,Kyle Nicolas,693312,R,Kyle Nicolas,693312,1387,355.0,74,44,183,644,0.2084507042253521,0.12394366197183099,0.13193943763518384,0.46431146359048303,26.56655540720961,5.3678237650200264,0.3207388447368421
57,PIT,Yohan Ramirez,670990,R,Yohan Ramirez,670990,1107,296.0,72,24,123,575,0.24324324324324326,0.08108108108108109,0.1111111111111111,0.5194218608852755,25.0334431630972,3.1592531576057112,0.3152713406113537
58,KC,Angel Zerpa,672582,L,Angel Zerpa,672582,1848,459.0,101,34,133,1020,0.22004357298474944,0.07407407407407407,0.07196969696969698,0.551948051948052,28.519650655021834,3.0214370782056372,0.3151525824
59,KC,Bailey Falter,663559,L,Bailey Falter,663559,4032,1094.0,176,90,366,2178,0.16087751371115175,0.08226691042047532,0.09077380952380952,0.5401785714285714,31.210304054054053,7.560435435435435,0.33944925822253325
60,KC,Carlos Estevez,608032,R,Carlos Estevez,608032,1705,434.0,97,22,186,970,0.22350230414746544,0.05069124423963134,0.10909090909090909,0.5689149560117303,30.513735875706214,10.305084745762711,0.2981309119318182
61,KC,Daniel Lynch IV,663738,L,Daniel Lynch IV,663738,1478,403.0,72,36,162,754,0.17866004962779156,0.08933002481389578,0.10960757780784844,0.510148849797023,27.105555555555558,4.941382327209099,0.32961622150882824
62,KC,John Schreiber,670167,R,John Schreiber,670167,1729,433.0,97,36,181,863,0.22401847575057737,0.08314087759815242,0.10468478889531521,0.4991324465008676,26.86393571148569,5.04390435123481,0.29624247301587303
63,KC,Lucas Erceg,668674,R,Lucas Erceg,668674,1778,465.0,113,28,238,878,0.24301075268817204,0.060215053763440864,0.13385826771653545,0.4938132733408324,25.39410102437301,3.537619215824797,0.2902808490832158
64,KC,Sam Long,669674,L,Sam Long,669674,1254,308.0,68,29,141,620,0.22077922077922077,0.09415584415584416,0.11244019138755981,0.4944178628389155,27.78975369458128,5.7620689655172415,0.32399837051792824
65,KC,Taylor Clarke,664199,R,Taylor Clarke,664199,624,150.0,33,5,66,323,0.22,0.03333333333333333,0.10576923076923077,0.5176282051282052,28.042612293144206,6.865839243498818,0.32264476885644766
66,NYY,Camilo Doval,666808,R,Camilo Doval,666808,2024,496.0,136,64,285,952,0.27419354838709675,0.12903225806451613,0.1408102766798419,0.47035573122529645,23.81884882985452,2.987666034155598,0.2768860184210526
67,NYY,David Bednar,670280,R,David Bednar,670280,1809,449.0,126,36,259,947,0.2806236080178174,0.0801781737193764,0.14317302377003868,0.5234936428966279,27.20662319835278,6.866163349347976,0.2835042761506276
68,NYY,Devin Williams,642207,R,Devin Williams,642207,1260,291.0,105,29,235,565,0.36082474226804123,0.09965635738831616,0.1865079365079365,0.44841269841269843,21.575090579710146,3.685235507246377,0.26614902504816956
69,NYY,Mark Leiter Jr.,643410,R,Mark Leiter Jr.,643410,1705,435.0,133,34,273,755,0.3057471264367816,0.07816091954022988,0.16011730205278593,0.44281524926686217,23.135095979717494,3.370155740673669,0.29404872844827584
70,NYY,Paul Blackburn,621112,R,Paul Blackburn,621112,1636,426.0,77,29,178,767,0.1807511737089202,0.06807511737089202,0.10880195599022005,0.46882640586797064,27.05855881515238,3.772429507262888,0.32620652262443434
71,NYY,Tim Hill,657612,L,Tim Hill,657612,1739,511.0,61,30,131,956,0.11937377690802348,0.05870841487279843,0.07533064979873491,0.5497412305922944,33.75881873727087,1.5661914460285133,0.3035438070921986
72,NYY,Yerry De los Santos,660787,R,Yerry De los Santos,660787,543,147.0,25,15,53,278,0.17006802721088435,0.10204081632653061,0.09760589318600368,0.5119705340699816,28.636648250460407,3.5193370165745854,0.3197128206896552
73,DET,Alex Lange,656638,R,Alex Lange,656638,397,96.0,22,18,59,167,0.22916666666666666,0.1875,0.1486146095717884,0.42065491183879095,19.90874673629243,1.9399477806788512,0.31021666846361184
74,DET,Brenan Hanifee,669724,R,Brenan Hanifee,669724,1290,350.0,59,16,103,690,0.16857142857142857,0.045714285714285714,0.07984496124031008,0.5348837209302325,30.37725925925926,3.0148148148148146,0.30569312328767123
75,DET,Kyle Finnegan,640448,R,Kyle Finnegan,640448,1773,457.0,103,33,213,1015,0.22538293216630198,0.07221006564551423,0.12013536379018612,0.5724760293288212,30.796387634595348,6.7092740534907955,0.3151799594046008
76,DET,Rafael Montero,606160,R,Rafael Montero,606160,1518,353.0,66,44,167,651,0.18696883852691218,0.12464589235127478,0.11001317523056653,0.4288537549407115,26.113099963911942,5.7809455070371705,0.32800397530864195
77,DET,Tommy Kahnle,592454,R,Tommy Kahnle,592454,1550,382.0,86,41,217,705,0.225130890052356,0.10732984293193717,0.14,0.45483870967741935,23.374675615212528,1.8774049217002238,0.2990740807339449
78,DET,Troy Melton,675512,R,Troy Melton,675512,325,86.0,22,4,45,183,0.2558139534883721,0.046511627906976744,0.13846153846153847,0.563076923076923,31.69292307692308,6.332307692307692,0.28275581395348837
79,DET,Tyler Holton,663947,L,Tyler Holton,663947,2259,600.0,126,27,264,1112,0.21,0.045,0.11686586985391766,0.4922532093846835,27.50584829183555,4.601910828025478,0.2844577622682661
80,DET,Will Vest,676684,R,Will Vest,676684,2063,507.0,124,31,258,1061,0.2445759368836292,0.0611439842209073,0.12506059137178865,0.5142995637421232,28.69869165487977,5.803041018387553,0.28228223714285716
81,TOR,Brendon Little,663893,L,Brendon Little,663893,1704,424.0,113,50,282,675,0.2665094339622642,0.1179245283018868,0.16549295774647887,0.3961267605633803,19.870892018779344,-1.182511737089202,0.29495540758293837
82,TOR,Jeff Hoffman,656546,R,Jeff Hoffman,656546,1821,474.0,162,30,322,913,0.34177215189873417,0.06329113924050633,0.17682591982427237,0.5013728720483251,25.90888475836431,6.499628252788104,0.2677526676514032
83,TOR,Louis Varland,686973,R,Louis Varland,686973,1742,471.0,106,30,216,967,0.22505307855626328,0.06369426751592357,0.12399540757749714,0.5551090700344432,31.186911595866817,5.853042479908152,0.33589239400428267
84,TOR,Mason Fluharty,689254,L,Mason Fluharty,689254,758,189.0,48,19,102,365,0.25396825396825395,0.10052910052910052,0.1345646437994723,0.4815303430079156,23.973218997361478,6.468337730870712,0.2959680319148936
85,TOR,Seranthony Dominguez,622554,R,Seranthony Dominguez,622554,1956,467.0,132,50,269,922,0.2826552462526767,0.10706638115631692,0.13752556237218813,0.47137014314928427,24.859857904085256,5.980817051509769,0.30376695474452553
86,TOR,Tommy Nance,667297,R,Tommy Nance,667297,553,154.0,38,10,66,277,0.24675324675324675,0.06493506493506493,0.11934900542495479,0.5009041591320073,24.949186256781193,0.31645569620253167,0.30022343137254903
87,TOR,Yariel Rodriguez,684320,R,Yariel Rodriguez,684320,2422,600.0,139,63,292,1119,0.23166666666666666,0.105,0.12056151940545004,0.4620148637489678,25.33509496284063,6.7411230388109,0.311615621440536
88,CLE,Cade Smith,671922,R,Cade Smith,671922,2119,525.0,180,33,336,1164,0.34285714285714286,0.06285714285714286,0.15856536101934876,0.5493157149598867,26.849268522888153,7.347333647947145,0.25468806488549617
89,CLE,Erik Sabrowski,681870,L,Erik Sabrowski,681870,478,116.0,43,14,77,263,0.3706896551724138,0.1206896551724138,0.16108786610878661,0.5502092050209205,23.62029288702929,7.7133891213389125,0.2366119827586207
90,CLE,Hunter Gaddis,683769,R,Hunter Gaddis,683769,1920,498.0,124,30,265,991,0.24899598393574296,0.060240963855421686,0.13802083333333334,0.5161458333333333,29.827283192632386,8.249040675364544,0.2865263471810089
91,CLE,Jakob Junis,596001,R,Jakob Junis,596001,1760,470.0,90,22,190,977,0.19148936170212766,0.04680851063829787,0.10795454545454546,0.5551136363636363,26.76430612892982,4.764369641155922,0.30756828019323673
92,CLE,Kolby Allard,663465,L,Kolby Allard,663465,1218,333.0,55,16,121,687,0.16516516516516516,0.04804804804804805,0.0993431855500821,0.5640394088669951,30.49442484121383,7.5017642907551165,0.3135077461139896
93,CLE,Matthew Festa,670036,R,Matthew Festa,670036,967,265.0,60,18,134,544,0.22641509433962265,0.06792452830188679,0.13857290589451912,0.562564632885212,27.873580034423405,8.298623063683305,0.31104928852459013
94,CLE,Nic Enright,663671,R,Nic Enright,663671,467,113.0,24,12,56,222,0.21238938053097345,0.10619469026548672,0.11991434689507495,0.4753747323340471,29.165524625267665,9.657387580299785,0.3178670796460177
95,CLE,Tim Herrin,682120,L,Tim Herrin,682120,1574,402.0,100,47,206,763,0.24875621890547264,0.11691542288557213,0.13087674714104194,0.48475222363405335,24.393746946751342,3.863702979970689,0.30536701171874997
96,TB,Bryan Baker,641329,R,Bryan Baker,641329,1218,303.0,91,21,173,642,0.30033003300330036,0.06930693069306931,0.14203612479474548,0.5270935960591133,27.787219171243137,8.857214178731903,0.3071175257731959
97,TB,Edwin Uceta,670955,R,Edwin Uceta,670955,1616,405.0,139,25,293,811,0.3432098765432099,0.06172839506172839,0.1813118811881188,0.5018564356435643,25.990701859628075,7.081583683263347,0.2757564299516908
98,TB,Garrett Cleavinger,664076,L,Garrett Cleavinger,664076,1718,448.0,130,44,263,873,0.29017857142857145,0.09821428571428571,0.1530849825378347,0.5081490104772992,24.321099015033695,4.805598755832038,0.3049541090909091
99,TB,Griffin Jax,643377,R,Griffin Jax,643377,1953,501.0,176,27,379,959,0.35129740518962077,0.05389221556886228,0.19406041986687148,0.4910394265232975,24.816066666666664,3.3543333333333334,0.2569038825065274
100,TB,Mason Englert,669438,R,Mason Englert,669438,983,252.0,53,12,129,491,0.21031746031746032,0.047619047619047616,0.13123092573753814,0.49949135300101727,30.252447192168987,6.138073158165894,0.35379319123505976
101,TB,Mason Montgomery,682254,L,Mason Montgomery,682254,885,216.0,69,28,174,454,0.3194444444444444,0.12962962962962962,0.19661016949152543,0.5129943502824859,22.924067796610167,4.890395480225989,0.32784107476635516
102,TB,Pete Fairbanks,664126,R,Pete Fairbanks,664126,1482,376.0,89,30,167,814,0.23670212765957446,0.0797872340425532,0.1126855600539811,0.5492577597840755,26.416110108303247,6.3641696750902526,0.27317657657657657
103,MIL,Aaron Ashby,676879,L,Aaron Ashby,676879,1147,294.0,80,25,126,573,0.272108843537415,0.08503401360544217,0.10985178727114212,0.4995640802092415,24.02606800348736,1.2859633827375763,0.27221907534246575
104,MIL,Abner Uribe,682842,R,Abner Uribe,682842,1204,307.0,89,32,168,635,0.2899022801302932,0.10423452768729642,0.13953488372093023,0.5274086378737541,21.443786295005804,2.4907084785133566,0.28132006960556843
105,MIL,Grant Anderson,681982,R,Grant Anderson,681982,1482,372.0,94,31,205,772,0.25268817204301075,0.08333333333333333,0.13832658569500675,0.5209176788124157,25.16264423076923,4.9,0.3122680152963671
106,MIL,Jared Koenig,657649,L,Jared Koenig,657649,1856,478.0,111,37,185,1045,0.23221757322175732,0.07740585774058577,0.09967672413793104,0.5630387931034483,27.364008620689653,5.796875,0.28229904641350206
107,MIL,Nick Mears,683232,R,Nick Mears,683232,1753,441.0,115,33,247,964,0.26077097505668934,0.07482993197278912,0.14090131203650885,0.5499144324015972,28.673144208037822,8.250118203309693,0.295415559772296
108,MIL,Shelby Miller,571946,R,Shelby Miller,571946,1487,389.0,97,22,205,775,0.2493573264781491,0.056555269922879174,0.1378614660390047,0.5211835911230666,27.40386046511628,7.161860465116279,0.29288308394160584
109,MIL,Trevor Megill,656730,R,Trevor Megill,656730,1358,353.0,104,23,208,720,0.29461756373937675,0.06515580736543909,0.15316642120765833,0.5301914580265096,26.826469085334697,7.3719979560551865,0.2736777394789579
110,BOS,Aroldis Chapman,547973,L,Aroldis Chapman,547973,1836,445.0,167,51,315,957,0.3752808988764045,0.1146067415730337,0.1715686274509804,0.5212418300653595,22.794022503516175,5.893459915611814,0.2545475890014472
111,BOS,Brennan Bernardino,657514,L,Brennan Bernardino,657514,1587,411.0,92,35,150,827,0.22384428223844283,0.0851581508515815,0.0945179584120983,0.5211090107120353,25.831432088633566,3.7570783750512926,0.3022681732026144
112,BOS,Garrett Whitlock,676477,R,Garrett Whitlock,676477,1295,315.0,86,27,184,659,0.273015873015873,0.08571428571428572,0.14208494208494207,0.5088803088803089,27.947791164658636,5.657429718875502,0.307670406504065
113,BOS,Greg Weissert,669711,R,Greg Weissert,669711,1891,482.0,98,32,189,978,0.2033195020746888,0.06639004149377593,0.09994711792702274,0.5171866737176097,28.734807864164434,5.901251117068812,0.2957049116607774
114,BOS,Jordan Hicks,663855,R,Jordan Hicks,663855,3088,771.0,153,74,331,1510,0.19844357976653695,0.0959792477302205,0.10718911917098446,0.4889896373056995,25.19038553069967,3.008567348881485,0.31589676145038165
115,BOS,Justin Wilson,458677,L,Justin Wilson,458677,1462,370.0,94,26,215,730,0.25405405405405407,0.07027027027027027,0.14705882352941177,0.4993160054719562,29.761217510259918,7.868673050615595,0.31520152845528454
116,BOS,Steven Matz,571927,L,Steven Matz,571927,1754,447.0,86,25,164,973,0.19239373601789708,0.05592841163310962,0.09350057012542759,0.5547320410490307,28.707403314917126,6.129005524861879,0.3010434713804714
117,ARI,Andrew Saalfrank,685314,L,Andrew Saalfrank,685314,255,71.0,11,7,34,141,0.15492957746478872,0.09859154929577464,0.13333333333333333,0.5529411764705883,27.354014598540147,1.464720194647202,0.3093783783783784
118,ARI,Jake Woodford,663765,R,Jake Woodford,663765,989,270.0,37,15,65,483,0.13703703703703704,0.05555555555555555,0.06572295247724974,0.4883720930232558,29.174604847207586,4.611169652265542,0.3676547679671458
119,ARI,Jalen Beeks,656222,L,Jalen Beeks,656222,1954,505.0,96,41,238,929,0.1900990099009901,0.08118811881188119,0.1218014329580348,0.47543500511770725,27.123277467411544,5.402234636871508,0.2993298066378066
120,ARI,John Curtiss,595928,R,John Curtiss,595928,369,100.0,14,4,38,199,0.14,0.04,0.10298102981029811,0.5392953929539296,32.18089552238806,8.555223880597016,0.32688397790055246
121,ARI,Juan Burgos,686228,R,Juan Burgos,686228,163,47.0,12,5,24,74,0.2553191489361702,0.10638297872340426,0.147239263803681,0.4539877300613497,26.87116564417178,2.895705521472393,0.31157425531914895
122,ARI,Juan Morillo,666661,R,Juan Morillo,666661,541,135.0,32,16,70,272,0.23703703703703705,0.11851851851851852,0.12939001848428835,0.5027726432532348,27.740110905730127,6.948243992606285,0.297985
123,ARI,Kyle Backhus,679775,L,Kyle Backhus,679775,329,86.0,20,4,36,187,0.23255813953488372,0.046511627906976744,0.1094224924012158,0.5683890577507599,27.09422492401216,5.148936170212766,0.3059997619047619
124,ATL,Aaron Bummer,607481,L,Aaron Bummer,607481,1892,470.0,120,30,204,908,0.2553191489361702,0.06382978723404255,0.10782241014799154,0.4799154334038055,23.073654296222,0.8739551989301237,0.28669823214285717
125,ATL,Austin Cox,680735,L,Austin Cox,680735,332,78.0,20,5,29,165,0.2564102564102564,0.0641025641025641,0.08734939759036145,0.49698795180722893,26.256043956043957,5.552747252747253,0.3378888888888889
126,ATL,Dylan Dodd,689266,L,Dylan Dodd,689266,359,90.0,22,3,58,185,0.24444444444444444,0.03333333333333333,0.1615598885793872,0.5153203342618384,32.413160733549084,7.8985976267529665,0.3727618650793651
127,ATL,Dylan Lee,669276,L,Dylan Lee,669276,1749,454.0,136,23,344,919,0.29955947136563876,0.05066079295154185,0.19668381932532875,0.5254431103487708,26.92271028037383,6.095794392523365,0.27803623188405796
128,ATL,Pierce Johnson,572955,R,Pierce Johnson,572955,1654,412.0,112,36,203,871,0.27184466019417475,0.08737864077669903,0.12273276904474002,0.526602176541717,24.68593864134405,5.5482103725346965,0.2973193216885007
129,ATL,Raisel Iglesias,628452,R,Raisel Iglesias,628452,1687,469.0,126,19,280,852,0.26865671641791045,0.04051172707889126,0.16597510373443983,0.5050385299347955,27.342080563159953,5.949941337504889,0.2631130302158273
130,ATL,Tyler Kinley,641755,R,Tyler Kinley,641755,2197,526.0,132,59,351,1033,0.2509505703422053,0.11216730038022814,0.15976331360946747,0.4701866181156122,25.75042084168337,6.128256513026052,0.31869727333333336
131,SEA,Andres Munoz,662253,R,Andres Munoz,662253,1746,418.0,138,43,304,752,0.33014354066985646,0.10287081339712918,0.17411225658648338,0.4306987399770905,21.734585592563903,2.5027110766847405,0.26569072051696285
132,SEA,Caleb Ferguson,657571,L,Caleb Ferguson,657571,1754,457.0,107,38,196,883,0.23413566739606126,0.08315098468271334,0.11174458380843785,0.5034207525655644,27.666087264987585,5.456544874068819,0.29491882729805013
133,SEA,Carlos Vargas,672841,R,Carlos Vargas,672841,862,256.0,40,16,71,476,0.15625,0.0625,0.08236658932714618,0.5522041763341067,29.21304347826087,2.593849416755037,0.30728011272727274
134,SEA,Eduard Bazardo,660825,R,Eduard Bazardo,660825,1429,359.0,95,32,138,766,0.2646239554317549,0.08913649025069638,0.09657102869139259,0.5360391882435269,26.328663919952913,6.33372572101236,0.2897552470588235
135,SEA,Gabe Speier,642100,L,Gabe Speier,642100,1133,289.0,95,21,178,580,0.328719723183391,0.0726643598615917,0.15710503089143865,0.5119152691968226,26.595979112271543,5.327937336814621,0.2694433682092555
136,SEA,Matt Brash,666374,R,Matt Brash,666374,585,139.0,39,11,71,260,0.2805755395683453,0.07913669064748201,0.12136752136752137,0.4444444444444444,21.360984647961885,3.4997353096876656,0.27267347031963474
137,SEA,Tayler Saucedo,642048,L,Tayler Saucedo,642048,770,203.0,45,19,98,342,0.22167487684729065,0.09359605911330049,0.12727272727272726,0.44415584415584414,24.376138550352792,1.3720333547145607,0.2993293895781638
138,HOU,Bennett Sousa,656986,L,Bennett Sousa,656986,728,199.0,59,15,142,372,0.2964824120603015,0.07537688442211055,0.19505494505494506,0.510989010989011,26.15069124423963,5.17741935483871,0.2742586206896552
139,HOU,Bryan Abreu,650556,R,Bryan Abreu,650556,2243,557.0,187,57,384,1081,0.3357271095152603,0.10233393177737882,0.17119928666963888,0.48194382523406154,21.713578459756803,4.97510133178923,0.28313857040572793
140,HOU,Bryan King,687911,L,Bryan King,687911,1250,326.0,91,20,149,702,0.2791411042944785,0.06134969325153374,0.1192,0.5616,27.78568,7.0584,0.27944642944785275
141,HOU,Enyel De Los Santos,660853,R,Enyel De Los Santos,660853,1929,476.0,106,38,286,1050,0.22268907563025211,0.07983193277310924,0.14826334888543286,0.5443234836702955,28.617240215924426,7.6869095816464235,0.32385197260273973
142,HOU,Kaleb Ort,672391,R,Kaleb Ort,672391,1036,256.0,65,27,134,504,0.25390625,0.10546875,0.12934362934362933,0.4864864864864865,27.804149085794656,8.973277074542898,0.29615
143,HOU,Logan VanWey,701121,R,Logan VanWey,701121,170,46.0,6,3,10,86,0.13043478260869565,0.06521739130434782,0.058823529411764705,0.5058823529411764,30.713529411764707,7.723529411764706,0.35543456521739136
144,HOU,Shawn Dubin,681869,R,Shawn Dubin,681869,1224,310.0,70,34,127,593,0.22580645161290322,0.10967741935483871,0.10375816993464053,0.48447712418300654,26.18037249283668,5.114613180515759,0.3120381025641026
145,HOU,Steven Okert,595345,L,Steven Okert,595345,1429,373.0,98,24,211,770,0.26273458445040215,0.064343163538874,0.14765570328901328,0.5388383484954513,25.59375,8.649918300653594,0.2857203197389886
146,OAK,Ben Bowden,641386,L,Ben Bowden,641386,187,47.0,7,5,21,103,0.14893617021276595,0.10638297872340426,0.11229946524064172,0.5508021390374331,29.253475935828874,11.609625668449198,0.40808510638297874
147,OAK,Elvis Alvarado,665660,R,Elvis Alvarado,665660,478,118.0,33,13,73,216,0.2796610169491525,0.11016949152542373,0.15271966527196654,0.45188284518828453,24.871548117154813,5.7803347280334725,0.315203220338983
148,OAK,Hogan Harris,663687,L,Hogan Harris,663687,2111,520.0,113,56,211,1136,0.2173076923076923,0.1076923076923077,0.09995262908574136,0.5381335859782094,27.08080745341615,6.136335403726708,0.3328779022556391
149,OAK,Justin Sterner,686993,R,Justin Sterner,686993,893,222.0,53,17,133,421,0.23873873873873874,0.07657657657657657,0.14893617021276595,0.47144456886898095,27.158454647256438,8.716685330347145,0.28802696832579183
150,OAK,Michael Kelly,547184,R,Michael Kelly,547184,906,232.0,40,20,90,461,0.1724137931034483,0.08620689655172414,0.09933774834437085,0.5088300220750552,25.92937181663837,5.309847198641766,0.31024111627906975
151,OAK,Sean Newcomb,656794,L,Sean Newcomb,656794,1558,391.0,90,33,151,796,0.23017902813299232,0.08439897698209718,0.09691912708600771,0.5109114249037228,26.744396082698582,5.7981501632208925,0.31041605617977525
152,OAK,Tyler Ferguson,621053,R,Tyler Ferguson,621053,1579,387.0,103,50,195,775,0.2661498708010336,0.12919896640826872,0.12349588347055099,0.4908169727675744,25.73913869537682,6.521215959468018,0.30998269270833334
153,CWS,Brandon Eisert,685126,L,Brandon Eisert,685126,1026,252.0,62,16,147,452,0.24603174603174602,0.06349206349206349,0.14327485380116958,0.4405458089668616,24.65458089668616,5.569200779727096,0.3181193227091633
154,CWS,Grant Taylor,691799,R,Grant Taylor,691799,404,105.0,34,8,58,222,0.3238095238095238,0.0761904761904762,0.14356435643564355,0.5495049504950495,26.122772277227725,6.180693069306931,0.25475
155,CWS,Jordan Leasure,673929,R,Jordan Leasure,673929,1421,347.0,86,41,201,678,0.2478386167146974,0.11815561959654179,0.1414496833216045,0.47712878254750174,26.626741731175226,8.541871921182265,0.3117635317919075
156,CWS,Mike Vasil,678024,R,Mike Vasil,678024,1337,344.0,64,39,144,659,0.18604651162790697,0.11337209302325581,0.10770381451009724,0.49289454001495886,25.32311144353029,4.37771129394166,0.3186149271137026
157,CWS,Steven Wilson,621051,R,Steven Wilson,621051,1377,348.0,75,37,165,701,0.21551724137931033,0.10632183908045977,0.11982570806100218,0.5090777051561365,26.37740820734341,9.712742980561556,0.3171491892857143
158,CWS,Tyler Alexander,641302,L,Tyler Alexander,641302,2982,793.0,161,47,318,1585,0.2030264817150063,0.05926860025220681,0.10663983903420524,0.5315224681421864,29.885304561595195,8.620595465719749,0.32447510351966874
159,CWS,Tyler Gilbert,656457,L,Tyler Gilbert,656457,762,193.0,37,19,86,380,0.19170984455958548,0.09844559585492228,0.11286089238845144,0.49868766404199477,29.233073170731707,7.862439024390244,0.34697027376425854
160,CWS,Wikelman Gonzalez,682790,R,Wikelman Gonzalez,682790,134,32.0,6,4,24,69,0.1875,0.125,0.1791044776119403,0.5149253731343284,23.588059701492536,7.104477611940299,0.3063125
161,LAD,Alex Vesia,681911,L,Alex Vesia,681911,2012,466.0,156,45,299,1011,0.33476394849785407,0.09656652360515021,0.14860834990059643,0.5024850894632207,25.79242902208202,9.692954784437434,0.2755826077844311
162,LAD,Anthony Banda,607455,L,Anthony Banda,607455,1684,429.0,100,34,232,839,0.2331002331002331,0.07925407925407925,0.1377672209026128,0.4982185273159145,27.722180043383947,5.623644251626898,0.30732400000000004
163,LAD,Ben Casparius,676508,R,Ben Casparius,676508,1332,348.0,78,21,187,700,0.22413793103448276,0.0603448275862069,0.1403903903903904,0.5255255255255256,27.914864864864864,7.2807807807807805,0.30287933141210377
164,LAD,Blake Treinen,595014,R,Blake Treinen,595014,1016,252.0,76,19,129,497,0.30158730158730157,0.07539682539682539,0.12696850393700787,0.4891732283464567,26.608562992125982,5.603346456692913,0.2654141825396825
165,LAD,Edgardo Henriquez,683618,R,Edgardo Henriquez,683618,151,45.0,9,3,21,77,0.2,0.06666666666666667,0.1390728476821192,0.5099337748344371,32.56887417218543,6.364238410596027,0.21286666666666668
166,LAD,Jack Dreyer,676263,L,Jack Dreyer,676263,934,249.0,55,17,125,508,0.22088353413654618,0.06827309236947791,0.13383297644539616,0.5438972162740899,28.662847965738756,6.475374732334047,0.2565303643724696
167,LAD,Justin Wrobleski,680736,L,Justin Wrobleski,680736,1414,367.0,79,30,159,791,0.21525885558583105,0.08174386920980926,0.11244695898161244,0.5594059405940595,29.134441301272982,6.727015558698727,0.330014197260274
168,COL,Anthony Molina,683627,R,Anthony Molina,683627,1401,355.0,54,25,135,690,0.15211267605633802,0.07042253521126761,0.09635974304068523,0.4925053533190578,30.006995003568882,6.077087794432548,0.3806225014164306
169,COL,Jaden Hill,677955,R,Jaden Hill,677955,407,111.0,21,12,43,209,0.1891891891891892,0.10810810810810811,0.10565110565110565,0.5135135135135135,29.607125307125308,5.017199017199017,0.2582376936936937
170,COL,Jimmy Herget,623474,R,Jimmy Herget,623474,1237,339.0,75,23,150,650,0.22123893805309736,0.06784660766961652,0.12126111560226355,0.5254648342764754,27.606300114547537,6.7983963344788085,0.3011433260869565
171,COL,Juan Mejia,675848,R,Juan Mejia,675848,803,196.0,51,15,123,406,0.2602040816326531,0.07653061224489796,0.15317559153175592,0.5056039850560399,24.78343711083437,6.232876712328767,0.26630753846153843
172,COL,Luis Peralta,678821,L,Luis Peralta,678821,426,105.0,25,13,39,196,0.23809523809523808,0.12380952380952381,0.09154929577464789,0.460093896713615,25.935915492957747,6.15962441314554,0.32634013461538464
173,COL,Victor Vodnik,680767,R,Victor Vodnik,680767,2057,486.0,107,55,214,989,0.22016460905349794,0.11316872427983539,0.10403500243072436,0.48079727758872143,26.65991975033437,4.485064645563977,0.33085480529300565
174,TEX,Danny Coulombe,543056,L,Danny Coulombe,543056,1078,260.0,72,19,138,504,0.27692307692307694,0.07307692307692308,0.1280148423005566,0.4675324675324675,25.8164570230608,4.8076519916142555,0.27176873661670237
175,TEX,Hoby Milner,571948,L,Hoby Milner,571948,2007,506.0,117,27,156,1059,0.23122529644268774,0.0533596837944664,0.07772795216741404,0.5276532137518685,26.490474620962427,4.095253790375741,0.278551776298269
176,TEX,Jacob Latz,656641,L,Jacob Latz,656641,1785,431.0,96,50,261,857,0.22273781902552203,0.11600928074245939,0.146218487394958,0.4801120448179272,26.528347338935575,8.193277310924369,0.3258217911832947
177,TEX,Jacob Webb,657097,R,Jacob Webb,657097,1680,440.0,97,39,222,874,0.22045454545454546,0.08863636363636364,0.13214285714285715,0.5202380952380953,27.525958588957053,8.391871165644172,0.29058850980392154
178,TEX,Phil Maton,664208,R,Phil Maton,664208,1841,456.0,118,41,258,890,0.25877192982456143,0.08991228070175439,0.14014122759369907,0.48343291689299295,24.359701492537315,4.362721277334259,0.2871825580419581
179,TEX,Robert Garcia,676395,L,Robert Garcia,676395,1715,457.0,130,34,261,887,0.2844638949671772,0.07439824945295405,0.1521865889212828,0.5172011661807581,27.11828341528833,6.015198927134556,0.2831961733102253
180,TEX,Shawn Armstrong,542888,R,Shawn Armstrong,542888,1978,516.0,127,42,229,1074,0.24612403100775193,0.08139534883720931,0.11577350859453994,0.5429726996966633,28.714198198198197,9.055855855855857,0.2949503119777159
181,LAA,Andrew Chafin,605177,L,Andrew Chafin,605177,1471,361.0,94,43,211,567,0.26038781163434904,0.11911357340720222,0.1434398368456832,0.38545207341944254,22.95928093645485,4.186036789297659,0.30903120411663804
182,LAA,Brock Burke,656271,L,Brock Burke,656271,1418,362.0,84,28,185,774,0.23204419889502761,0.07734806629834254,0.1304654442877292,0.5458392101551481,31.82066895368782,7.3807890222984565,0.30719131674958544
183,LAA,Carson Fulmer,608334,R,Carson Fulmer,608334,1898,486.0,107,46,226,884,0.22016460905349794,0.09465020576131687,0.11907270811380401,0.4657534246575342,26.507396593673963,4.38345498783455,0.3233665259117083
184,LAA,Jose Fermin,820862,R,Jose Fermin,820862,412,97.0,26,12,60,223,0.26804123711340205,0.12371134020618557,0.14563106796116504,0.5412621359223301,25.44150485436893,8.444174757281553,0.34571123711340207
185,LAA,Kenley Jansen,445276,R,Kenley Jansen,445276,1528,410.0,109,32,210,883,0.2658536585365854,0.07804878048780488,0.13743455497382198,0.5778795811518325,29.5932859048466,10.914628723877279,0.292417455311973
186,LAA,Luis Garcia,472610,R,Luis Garcia,472610,1632,438.0,92,29,193,804,0.2100456621004566,0.06621004566210045,0.11825980392156862,0.49264705882352944,28.213815291445872,2.5749432248296746,0.3061818620689655
187,LAA,Reid Detmers,672282,L,Reid Detmers,672282,2523,627.0,183,58,381,1294,0.291866028708134,0.09250398724082935,0.15101070154577884,0.512881490289338,26.83356110894182,6.161460367044123,0.31081781992031876
188,LAA,Ryan Zeferjahn,666171,R,Ryan Zeferjahn,666171,1082,273.0,82,30,162,557,0.30036630036630035,0.10989010989010989,0.14972273567467653,0.5147874306839186,24.67504621072089,6.087800369685767,0.2965141538461538
189,MIN,Brooks Kriske,621139,R,Brooks Kriske,621139,236,57.0,13,7,25,114,0.22807017543859648,0.12280701754385964,0.1059322033898305,0.4830508474576271,22.741768292682927,6.189024390243903,0.3285487804878049
190,MIN,Cole Sands,663485,R,Cole Sands,663485,2031,522.0,131,26,246,1061,0.2509578544061303,0.04980842911877394,0.12112259970457903,0.5224027572624323,28.666121112929623,6.5740589198036,0.3112138058252427
191,MIN,Erasmo Ramirez,541640,R,Erasmo Ramirez,541640,460,125.0,20,10,45,247,0.16,0.08,0.09782608695652174,0.5369565217391304,31.783333333333335,7.084388185654008,0.3374789670886076
192,MIN,Genesis Cabrera,650893,L,Genesis Cabrera,650893,1485,392.0,75,32,187,729,0.1913265306122449,0.08163265306122448,0.1259259259259259,0.4909090909090909,28.11394487865076,5.997943233237351,0.31634835576923076
193,MIN,Justin Topa,623437,R,Justin Topa,623437,842,237.0,49,12,80,446,0.20675105485232068,0.05063291139240506,0.09501187648456057,0.5296912114014252,28.37939618644068,2.801906779661017,0.28335101183431954
194,MIN,Kody Funderburk,681892,L,Kody Funderburk,681892,1083,274.0,49,25,101,554,0.17883211678832117,0.09124087591240876,0.09325946445060018,0.5115420129270545,24.485725490196078,3.276862745098039,0.3332130094043887
195,MIN,Pierson Ohl,701487,R,Pierson Ohl,701487,342,80.0,13,5,31,167,0.1625,0.0625,0.09064327485380116,0.48830409356725146,32.73391812865497,9.87719298245614,0.396125
196,SD,Adrian Morejon,670970,L,Adrian Morejon,670970,1851,493.0,129,29,244,1027,0.2616632860040568,0.058823529411764705,0.1318206374932469,0.5548352242031335,27.86182902584493,4.288767395626243,0.27123156390977443
197,SD,David Morgan,688158,R,David Morgan,688158,554,142.0,37,13,67,290,0.2605633802816901,0.09154929577464789,0.12093862815884476,0.5234657039711191,29.217148014440433,6.001805054151625,0.30203514084507044
198,SD,Jason Adam,592094,R,Jason Adam,592094,2115,527.0,148,41,374,987,0.2808349146110057,0.0777988614800759,0.1768321513002364,0.4666666666666667,23.78798411122145,4.244620986428335,0.28110585636856367
199,SD,Jeremiah Estrada,669093,R,Jeremiah Estrada,669093,1923,484.0,176,40,364,1000,0.36363636363636365,0.08264462809917356,0.1892875715028601,0.5200208008320333,26.235370370370372,8.72962962962963,0.27562680970149256
200,SD,Mason Miller,695243,R,Mason Miller,695243,1746,424.0,179,36,381,851,0.4221698113207547,0.08490566037735849,0.218213058419244,0.48739977090492553,23.992823779193206,7.515074309978768,0.24122075627240142
201,SD,Robert Suarez,663158,R,Robert Suarez,663158,1825,467.0,116,27,243,999,0.24839400428265523,0.057815845824411134,0.13315068493150686,0.5473972602739726,31.45250659630607,9.463940193491645,0.28345084210526317
202,SD,Wandy Peralta,593974,L,Wandy Peralta,593974,1513,406.0,72,35,182,682,0.17733990147783252,0.08620689655172414,0.12029081295439524,0.4507600793126239,26.17206189878712,1.7222919280635718,0.32883992
203,SD,Yuki Matsui,673513,L,Yuki Matsui,673513,1850,457.0,118,45,291,832,0.25820568927789933,0.09846827133479212,0.1572972972972973,0.44972972972972974,26.91632432432432,7.178378378378379,0.29303945175438595
204,CHC,Andrew Kittredge,552640,R,Andrew Kittredge,552640,1596,441.0,109,26,236,807,0.2471655328798186,0.05895691609977324,0.14786967418546365,0.5056390977443609,29.877441077441077,4.1447811447811445,0.3029304703476483
205,CHC,Brad Keller,641745,R,Brad Keller,641745,1653,418.0,90,33,177,794,0.215311004784689,0.07894736842105263,0.10707803992740472,0.48033877797943136,25.145612648221345,3.1126482213438735,0.3213621344
206,CHC,Caleb Thielbar,573204,L,Caleb Thielbar,573204,1561,388.0,99,33,190,817,0.2551546391752577,0.08505154639175258,0.12171684817424727,0.5233824471492633,28.265083251714007,8.578354554358473,0.287439842209073
207,CHC,Daniel Palencia,694037,R,Daniel Palencia,694037,967,248.0,65,25,131,527,0.2620967741935484,0.10080645161290322,0.13547052740434332,0.5449844881075491,27.810335386721423,7.602327173169062,0.2986004712328767
208,CHC,Drew Pomeranz,519141,L,Drew Pomeranz,519141,607,151.0,40,12,64,333,0.26490066225165565,0.07947019867549669,0.10543657331136738,0.5485996705107083,29.771663920922574,8.670510708401977,0.310013
209,CHC,Ryan Brasier,518489,R,Ryan Brasier,518489,778,215.0,45,10,90,415,0.20930232558139536,0.046511627906976744,0.11568123393316196,0.5334190231362468,31.054945717732206,5.9607961399276235,0.29927954545454544
210,CHC,Taylor Rogers,573124,L,Taylor Rogers,573124,1793,418.0,107,40,181,947,0.25598086124401914,0.09569377990430622,0.10094813162297825,0.528165086447295,24.54526075371146,4.746098210886943,0.2905532971246006
211,SF,Carson Seymour,693313,R,Carson Seymour,693313,356,89.0,16,8,39,177,0.1797752808988764,0.0898876404494382,0.10955056179775281,0.49719101123595505,26.833146067415733,1.0730337078651686,0.3920338202247191
212,SF,Joey Lucchesi,664192,L,Joey Lucchesi,664192,568,144.0,28,13,51,280,0.19444444444444445,0.09027777777777778,0.0897887323943662,0.49295774647887325,28.11455696202532,5.037974683544304,0.32479701492537316
213,SF,Jose Butto,676130,R,Jose Butto,676130,2116,521.0,126,62,296,845,0.2418426103646833,0.11900191938579655,0.13988657844990549,0.3993383742911153,24.8016497016497,4.950859950859951,0.30607595839311336
214,SF,Matt Gage,657424,L,Matt Gage,657424,331,85.0,17,6,36,152,0.2,0.07058823529411765,0.10876132930513595,0.459214501510574,24.749111111111112,4.748888888888889,0.25835873214285715
215,SF,Randy Rodriguez,678495,R,Randy Rodriguez,678495,1672,415.0,119,29,247,849,0.28674698795180725,0.06987951807228916,0.14772727272727273,0.5077751196172249,25.49443779904306,6.541267942583732,0.2675848813559322
216,SF,Ryan Walker,676254,R,Ryan Walker,676254,2005,512.0,146,30,230,1061,0.28515625,0.05859375,0.11471321695760599,0.5291770573566085,24.461154345006484,4.205252918287938,0.26576741634241247
217,SF,Spencer Bivens,702352,R,Spencer Bivens,702352,1791,471.0,86,29,150,934,0.18259023354564755,0.06157112526539278,0.08375209380234507,0.5214963707426019,30.15991066443328,3.9491903964265775,0.3111901108742004
218,SF,Tristan Beck,663941,R,Tristan Beck,663941,783,217.0,36,16,79,416,0.16589861751152074,0.07373271889400922,0.10089399744572158,0.5312899106002554,30.425949062950504,7.299375300336377,0.30353294885361554
