,Hitter,Pos,Team,Sal,Opp,Park,OppSP,LU,DKPts,FDPts,Floor,Ceil,Value,PA,R,HR,RBI,SB,SO,BB,HBP,1B,2B,3B,Date,MainSlate,Ownership,LastUpdate,Confirmed LU,TopPlayScore
0,Mike Yastrzemski,OF,SF,4100.0,DET,DET,Keider Montero,1,7.83,10.455999999999998,0.42,19.47,1.94,4.52,0.63,0.15,0.44,0.06,1.06,0.42,0.06,0.56,0.21,0.04,2025-05-26,Main,9.0,18:16,Y,1.09
1,Matt Chapman,3B,SF,4500.0,DET,DET,Keider Montero,2,8.26,11.089,0.29,20.35,2.14,4.45,0.62,0.16,0.57,0.09,1.07,0.43,0.05,0.56,0.21,0.03,2025-05-26,Main,8.0,18:16,Y,1.16
2,Jung Hoo Lee,OF,SF,4300.0,DET,DET,Keider Montero,3,7.77,10.195,0.64,20.36,1.82,4.37,0.55,0.09,0.55,0.07,0.41,0.28,0.05,0.79,0.23,0.03,2025-05-26,Main,10.0,18:16,Y,1.09
3,Wilmer Flores,1B,SF,4400.0,DET,DET,Keider Montero,4,6.71,8.998,0.26,14.4,1.39,3.96,0.44,0.13,0.54,0.02,0.53,0.31,0.06,0.6,0.17,0.01,2025-05-26,Main,4.0,18:16,Y,0.82
4,Willy Adames,SS,SF,4000.0,DET,DET,Keider Montero,5,7.280000000000001,9.698,0.19,18.24,1.72,4.1,0.49,0.15,0.54,0.08,0.93,0.38,0.02,0.51,0.19,0.01,2025-05-26,Main,5.0,18:16,Y,1.0
5,LaMonte Wade Jr.,1B,SF,2100.0,DET,DET,Keider Montero,6,6.650000000000001,9.030000000000001,0.15,14.26,2.87,3.82,0.45,0.1,0.48,0.03,0.72,0.53,0.06,0.54,0.16,0.02,2025-05-26,Main,12.0,18:16,Y,1.12
6,Tyler Fitzgerald,2B,SF,3900.0,DET,DET,Keider Montero,7,6.6899999999999995,8.934000000000001,0.2,16.91,1.63,3.93,0.47,0.1,0.46,0.13,1.05,0.23,0.08,0.58,0.18,0.01,2025-05-26,Main,3.0,18:16,Y,0.93
7,Patrick Bailey,C,SF,2300.0,DET,DET,Keider Montero,8,5.6800000000000015,7.437,0.2,15.92,2.13,3.8,0.41,0.07,0.37,0.04,0.84,0.29,0.02,0.56,0.16,0.02,2025-05-26,Main,6.0,18:16,Y,0.98
8,Luis Matos,OF,SF,3000.0,DET,DET,Keider Montero,9,5.580000000000001,7.377000000000001,0.27,16.1,1.34,3.6,0.41,0.07,0.37,0.06,0.46,0.19,0.06,0.57,0.17,0.01,2025-05-26,Main,0.0,18:16,Y,0.82
9,Kerry Carpenter,OF,DET,4300.0,SF,DET,Hayden Birdsong,1,8.49,11.293,0.24,17.86,2.17,4.58,0.69,0.22,0.47,0.03,1.19,0.29,0.08,0.6,0.24,0.03,2025-05-26,Main,8.0,18:16,Y,1.12
10,Gleyber Torres,2B,DET,4600.0,SF,DET,Hayden Birdsong,2,7.41,9.775000000000002,0.42,14.97,1.69,4.44,0.55,0.11,0.49,0.05,0.84,0.42,0.02,0.67,0.21,0.01,2025-05-26,Main,9.0,18:16,Y,0.92
11,Colt Keith,1B/2B,DET,3000.0,SF,DET,Hayden Birdsong,3,7.21,9.516,0.09,15.21,2.36,4.37,0.53,0.11,0.52,0.04,0.94,0.37,0.02,0.68,0.19,0.01,2025-05-26,Main,8.0,18:16,Y,1.05
12,Riley Greene,OF,DET,4700.0,SF,DET,Hayden Birdsong,4,7.91,10.589,0.25,15.55,1.72,4.27,0.52,0.16,0.63,0.04,1.26,0.42,0.03,0.56,0.21,0.03,2025-05-26,Main,9.0,18:16,Y,0.95
13,Spencer Torkelson,1B,DET,4500.0,SF,DET,Hayden Birdsong,5,6.41,8.703000000000001,0.09,15.36,1.24,4.16,0.44,0.13,0.49,0.03,1.2,0.4,0.05,0.44,0.18,0.01,2025-05-26,Main,4.0,18:16,Y,0.81
14,Zach McKinstry,3B,DET,4000.0,SF,DET,Hayden Birdsong,6,6.090000000000001,8.023,0.03,16.95,1.31,3.74,0.39,0.06,0.41,0.09,0.9,0.35,0.03,0.55,0.17,0.03,2025-05-26,Main,3.0,18:16,Y,0.85
15,Dillon Dingler,C,DET,3700.0,SF,DET,Hayden Birdsong,7,6.1000000000000005,8.285000000000002,0.12,13.66,1.53,3.93,0.45,0.1,0.43,0.03,1.29,0.27,0.1,0.53,0.18,0.02,2025-05-26,Main,0.0,18:16,Y,0.82
16,Trey Sweeney,SS,DET,3100.0,SF,DET,Hayden Birdsong,8,6.180000000000001,8.173,0.0,16.87,1.6,3.8,0.44,0.1,0.39,0.08,1.0,0.32,0.04,0.55,0.15,0.01,2025-05-26,Main,2.0,18:16,Y,0.91
17,Javier Baez,OF,DET,4400.0,SF,DET,Hayden Birdsong,9,5.44,7.158,0.13,14.14,0.87,3.53,0.39,0.1,0.36,0.05,0.92,0.14,0.05,0.5,0.15,0.02,2025-05-26,Main,2.0,18:16,Y,0.68
18,Jarren Duran,OF,BOS,4900.0,MIL,MIL,Chad Patrick,1,9.05,11.963000000000001,0.53,21.58,2.17,4.58,0.74,0.12,0.53,0.19,1.03,0.36,0.05,0.68,0.24,0.05,2025-05-26,Main,12.0,18:16,Y,1.22
19,Rafael Devers,3B,BOS,5000.0,MIL,MIL,Chad Patrick,2,9.5,12.881000000000002,0.58,20.88,2.54,4.45,0.78,0.24,0.67,0.03,1.03,0.54,0.05,0.58,0.23,0.01,2025-05-26,Main,14.0,18:16,Y,1.29
20,Carlos Narvaez,C,BOS,3500.0,MIL,MIL,Chad Patrick,3,7.110000000000001,9.709999999999999,0.09,14.67,2.2,4.37,0.55,0.13,0.54,0.05,1.23,0.37,0.09,0.57,0.17,0.01,2025-05-26,Main,6.0,18:16,Y,1.0
21,Kristian Campbell,2B,BOS,3800.0,MIL,MIL,Chad Patrick,4,7.74,10.727,0.26,15.95,2.23,4.27,0.56,0.12,0.65,0.1,1.26,0.55,0.09,0.53,0.17,0.01,2025-05-26,Main,5.0,18:16,Y,1.06
22,Wilyer Abreu,OF,BOS,4400.0,MIL,MIL,Chad Patrick,5,8.520000000000001,11.455000000000002,0.21,19.64,2.14,4.16,0.6,0.19,0.65,0.08,1.08,0.46,0.03,0.53,0.21,0.02,2025-05-26,Main,11.0,18:16,Y,1.15
23,Marcelo Mayer,3B/SS,BOS,3000.0,MIL,MIL,Chad Patrick,6,7.65,10.202,0.12,17.8,2.75,4.05,0.51,0.16,0.58,0.07,0.95,0.41,0.03,0.59,0.17,0.01,2025-05-26,Main,5.0,18:16,Y,1.21
24,Trevor Story,SS,BOS,3400.0,MIL,MIL,Chad Patrick,7,6.090000000000001,8.126000000000001,0.09,16.73,1.42,3.83,0.43,0.12,0.42,0.1,1.26,0.23,0.05,0.45,0.16,0.01,2025-05-26,Main,4.0,18:16,Y,0.87
25,Abraham Toro,1B/3B,BOS,2400.0,MIL,MIL,Chad Patrick,8,5.890000000000001,7.828,0.11,16.1,1.97,3.8,0.44,0.1,0.42,0.03,0.67,0.22,0.05,0.55,0.17,0.01,2025-05-26,Main,9.0,18:16,Y,0.96
26,David Hamilton,2B/SS,BOS,2800.0,MIL,MIL,Chad Patrick,9,7.440000000000001,9.818999999999999,0.0,15.46,2.8,3.6,0.52,0.08,0.47,0.32,0.9,0.31,0.03,0.52,0.16,0.01,2025-05-26,Main,0.0,18:16,Y,1.15
27,Jackson Chourio,OF,MIL,4200.0,BOS,MIL,Garrett Crochet,1,8.68,11.331,0.39,17.46,2.32,4.58,0.68,0.16,0.49,0.17,1.18,0.27,0.03,0.68,0.23,0.02,2025-05-26,Main,5.0,18:16,Y,1.14
28,Isaac Collins,OF,MIL,2600.0,BOS,MIL,Garrett Crochet,2,7.629999999999999,10.482999999999999,0.03,16.0,2.9,4.47,0.59,0.11,0.51,0.17,1.59,0.6,0.08,0.5,0.14,0.01,2025-05-26,Main,2.0,18:16,Y,1.19
29,William Contreras,C,MIL,4300.0,BOS,MIL,Garrett Crochet,3,8.31,11.204,0.38,18.3,2.44,4.27,0.62,0.15,0.62,0.07,1.05,0.55,0.03,0.6,0.2,0.01,2025-05-26,Main,6.0,18:16,Y,1.18
30,Rhys Hoskins,1B,MIL,4000.0,BOS,MIL,Garrett Crochet,4,7.300000000000001,10.003999999999998,0.07,15.36,1.81,4.09,0.52,0.17,0.6,0.04,1.33,0.51,0.04,0.42,0.16,0.01,2025-05-26,Main,4.0,18:16,Y,0.95
31,Daz Cameron,OF,MIL,2100.0,BOS,MIL,Garrett Crochet,5,6.720000000000001,9.035,0.0,13.18,2.79,4.16,0.45,0.13,0.49,0.12,1.45,0.31,0.06,0.48,0.16,0.01,2025-05-26,Main,0.0,18:16,Y,1.08
32,Caleb Durbin,2B,MIL,2900.0,BOS,MIL,Garrett Crochet,6,8.520000000000001,11.696000000000002,0.19,14.27,3.55,4.05,0.53,0.1,0.62,0.27,0.47,0.52,0.15,0.65,0.16,0.01,2025-05-26,Main,2.0,18:16,Y,1.31
33,Eric Haase,C,MIL,3600.0,BOS,MIL,Garrett Crochet,7,5.960000000000001,7.817,0.0,13.1,1.5,3.91,0.41,0.16,0.41,0.03,1.51,0.22,0.01,0.45,0.14,0.01,2025-05-26,Main,0.0,18:16,Y,0.79
34,Joey Ortiz,SS,MIL,2400.0,BOS,MIL,Garrett Crochet,8,6.090000000000002,8.155,0.01,14.77,2.01,3.8,0.45,0.07,0.41,0.1,0.95,0.39,0.04,0.51,0.14,0.02,2025-05-26,Main,2.0,18:16,Y,0.94
35,Andruw Monasterio,3B,MIL,2000.0,BOS,MIL,Garrett Crochet,9,6.91,9.235,0.0,12.01,3.36,3.6,0.5,0.1,0.45,0.18,1.01,0.4,0.04,0.51,0.14,0.01,2025-05-26,Main,0.0,18:16,Y,1.17
36,Jordan Beck,OF,COL,4300.0,CHC,CHC,Jameson Taillon,1,8.15,10.600000000000001,0.22,15.84,2.0,4.58,0.6,0.19,0.44,0.15,1.47,0.25,0.02,0.57,0.21,0.02,2025-05-26,Main,2.0,18:16,Y,1.02
37,Ezequiel Tovar,SS,COL,3600.0,CHC,CHC,Jameson Taillon,2,7.040000000000001,9.105,0.32,16.24,1.79,4.47,0.5,0.14,0.43,0.05,1.19,0.13,0.04,0.67,0.22,0.02,2025-05-26,Main,2.0,18:16,Y,0.96
38,Ryan McMahon,3B,COL,3700.0,CHC,CHC,Jameson Taillon,3,7.409999999999999,9.872,0.13,15.53,2.09,4.37,0.51,0.16,0.52,0.03,1.27,0.43,0.03,0.57,0.19,0.01,2025-05-26,Main,2.0,18:16,Y,1.01
39,Michael Toglia,1B,COL,3200.0,CHC,CHC,Jameson Taillon,4,7.129999999999999,9.547999999999998,0.0,14.95,2.16,4.27,0.49,0.16,0.54,0.06,1.42,0.36,0.03,0.49,0.18,0.01,2025-05-26,Main,1.0,18:16,Y,1.0
40,Brenton Doyle,OF,COL,3700.0,CHC,CHC,Jameson Taillon,5,7.0600000000000005,9.239999999999998,0.19,14.74,1.75,4.16,0.45,0.13,0.48,0.14,1.12,0.25,0.03,0.58,0.16,0.02,2025-05-26,Main,2.0,18:16,Y,0.91
41,Mickey Moniak,OF,COL,3100.0,CHC,CHC,Jameson Taillon,6,6.11,8.0,0.0,12.82,1.56,3.69,0.4,0.11,0.42,0.08,1.0,0.15,0.04,0.52,0.19,0.02,2025-05-26,Main,1.0,18:16,Y,0.8
42,Kyle Farmer,1B/SS,COL,2900.0,CHC,CHC,Jameson Taillon,7,5.41,7.276,0.23,12.33,1.37,3.82,0.38,0.09,0.36,0.02,0.88,0.2,0.1,0.55,0.16,0.01,2025-05-26,Main,0.0,18:16,Y,0.73
43,Nick Martini,OF,COL,2600.0,CHC,CHC,Jameson Taillon,8,6.010000000000001,8.126,0.0,10.71,1.8,3.8,0.43,0.11,0.42,0.02,0.76,0.23,0.11,0.59,0.16,0.01,2025-05-26,Main,1.0,18:16,Y,0.8
44,Jacob Stallings,C,COL,2400.0,CHC,CHC,Jameson Taillon,9,4.92,6.6240000000000006,0.01,10.73,1.53,3.59,0.37,0.07,0.32,0.01,0.94,0.27,0.07,0.49,0.14,0.01,2025-05-26,Main,0.0,18:16,Y,0.71
45,Ian Happ,OF,CHC,4400.0,COL,CHC,Carson Palmquist,1,8.020000000000001,10.889999999999999,0.72,18.73,1.89,4.45,0.7,0.11,0.5,0.08,1.11,0.64,0.04,0.57,0.21,0.01,2025-05-26,Main,9.0,18:16,Y,1.07
46,Kyle Tucker,OF,CHC,6500.0,COL,CHC,Carson Palmquist,2,9.850000000000001,13.227000000000002,0.69,20.95,1.93,4.47,0.76,0.19,0.65,0.16,0.65,0.69,0.01,0.58,0.21,0.02,2025-05-26,Main,11.0,18:16,Y,1.18
47,Seiya Suzuki,OF,CHC,5600.0,COL,CHC,Carson Palmquist,3,8.620000000000001,11.605999999999998,0.6,18.65,1.72,4.37,0.63,0.16,0.64,0.09,1.1,0.54,0.03,0.57,0.2,0.03,2025-05-26,Main,11.0,18:16,Y,1.05
48,Dansby Swanson,SS,CHC,4700.0,COL,CHC,Carson Palmquist,4,8.05,10.815999999999999,0.21,16.76,1.8,4.25,0.58,0.12,0.64,0.13,1.06,0.48,0.02,0.58,0.18,0.02,2025-05-26,Main,8.0,18:16,Y,1.0
49,Pete Crow-Armstrong,OF,CHC,5800.0,COL,CHC,Carson Palmquist,5,8.200000000000001,10.937,0.21,19.16,1.5,4.16,0.56,0.15,0.59,0.24,1.1,0.25,0.07,0.58,0.16,0.02,2025-05-26,Main,7.0,18:16,Y,1.0
50,Nico Hoerner,2B,CHC,4300.0,COL,CHC,Carson Palmquist,6,7.66,10.131000000000002,0.58,17.05,1.93,4.02,0.53,0.05,0.55,0.18,0.43,0.31,0.07,0.79,0.19,0.02,2025-05-26,Main,7.0,18:16,Y,1.02
51,Justin Turner,1B,CHC,2800.0,COL,CHC,Carson Palmquist,7,6.359999999999999,8.666,0.0,12.51,1.97,3.87,0.48,0.08,0.46,0.02,0.8,0.47,0.07,0.57,0.17,0.01,2025-05-26,Main,3.0,18:16,Y,0.88
52,Matt Shaw,3B,CHC,3600.0,COL,CHC,Carson Palmquist,8,7.65,10.349,0.14,13.51,2.29,3.8,0.57,0.12,0.55,0.15,0.82,0.47,0.06,0.58,0.14,0.01,2025-05-26,Main,3.0,18:16,Y,1.01
53,Reese McGuire,C,CHC,2500.0,COL,CHC,Carson Palmquist,9,4.78,6.319,0.08,11.06,1.39,3.28,0.37,0.05,0.31,0.05,0.89,0.26,0.03,0.49,0.12,0.01,2025-05-26,Main,0.0,18:16,Y,0.69
54,Lars Nootbaar,OF,STL,5200.0,BAL,BAL,Charlie Morton,1,9.200000000000001,12.491000000000001,1.03,20.88,2.11,4.46,0.78,0.19,0.61,0.08,0.93,0.72,0.02,0.55,0.19,0.01,2025-05-26,Main,11.0,18:16,Y,1.2
55,Masyn Winn,SS,STL,4200.0,BAL,BAL,Charlie Morton,2,8.13,10.719000000000001,0.54,16.71,2.05,4.47,0.62,0.1,0.55,0.12,0.92,0.36,0.04,0.77,0.2,0.02,2025-05-26,Main,8.0,18:16,Y,1.05
56,Brendan Donovan,2B/OF,STL,4900.0,BAL,BAL,Charlie Morton,3,8.32,11.302,0.74,18.28,2.0,4.37,0.66,0.11,0.62,0.06,0.62,0.39,0.12,0.8,0.22,0.01,2025-05-26,Main,11.0,18:16,Y,1.09
57,Willson Contreras,1B,STL,4200.0,BAL,BAL,Charlie Morton,4,7.84,11.088,0.57,19.83,1.99,4.11,0.59,0.15,0.7,0.04,1.2,0.48,0.16,0.54,0.18,0.01,2025-05-26,Main,11.0,18:16,Y,1.11
58,Ivan Herrera,C,STL,5700.0,BAL,BAL,Charlie Morton,5,8.52,11.530000000000001,0.61,16.77,1.94,4.16,0.65,0.14,0.66,0.07,0.95,0.46,0.07,0.7,0.21,0.01,2025-05-26,Main,13.0,18:16,Y,1.04
59,Jordan Walker,OF,STL,3000.0,BAL,BAL,Charlie Morton,6,7.27,9.729,0.31,17.52,2.28,4.05,0.52,0.13,0.53,0.07,1.18,0.33,0.06,0.6,0.18,0.02,2025-05-26,Main,8.0,18:16,Y,1.1
60,Nolan Gorman,2B/3B,STL,3300.0,BAL,BAL,Charlie Morton,7,7.35,9.996,0.15,15.31,2.32,3.93,0.53,0.21,0.58,0.05,1.53,0.46,0.02,0.37,0.15,0.0,2025-05-26,Main,0.0,18:16,Y,1.05
61,Pedro Pages,C,STL,2900.0,BAL,BAL,Charlie Morton,8,5.65,7.561000000000001,0.26,16.57,1.68,3.8,0.43,0.09,0.43,0.03,1.11,0.22,0.05,0.52,0.16,0.01,2025-05-26,Main,0.0,18:16,Y,0.91
62,Victor Scott II,OF,STL,3900.0,BAL,BAL,Charlie Morton,9,6.750000000000001,9.046999999999999,0.17,18.26,1.51,3.6,0.51,0.09,0.43,0.2,1.03,0.32,0.06,0.5,0.15,0.01,2025-05-26,Main,4.0,18:16,Y,0.94
63,Jackson Holliday,2B,BAL,4100.0,STL,BAL,Erick Fedde,1,9.040000000000001,11.921,0.82,20.18,2.83,4.58,0.73,0.2,0.57,0.11,1.08,0.36,0.03,0.73,0.18,0.01,2025-05-26,Main,19.0,18:16,Y,1.32
64,Ramon Urias,3B,BAL,2800.0,STL,BAL,Erick Fedde,2,7.329999999999999,9.824,0.48,15.87,2.7,4.31,0.57,0.12,0.52,0.02,0.78,0.35,0.07,0.69,0.2,0.01,2025-05-26,Main,8.0,18:16,Y,1.14
65,Gunnar Henderson,SS,BAL,4300.0,STL,BAL,Erick Fedde,3,10.370000000000001,13.816,0.8,21.41,3.26,4.37,0.78,0.23,0.74,0.11,0.88,0.45,0.04,0.73,0.23,0.03,2025-05-26,Main,18.0,18:16,Y,1.48
66,Ryan Mountcastle,1B,BAL,3500.0,STL,BAL,Erick Fedde,4,7.48,9.864,0.59,17.85,2.18,4.19,0.52,0.14,0.62,0.02,0.83,0.24,0.02,0.68,0.22,0.01,2025-05-26,Main,9.0,18:16,Y,1.09
67,Ryan O'Hearn,1B/OF,BAL,4200.0,STL,BAL,Erick Fedde,5,7.77,10.304,0.54,19.23,1.96,3.97,0.57,0.13,0.58,0.04,0.55,0.38,0.03,0.71,0.2,0.01,2025-05-26,Main,9.0,18:16,Y,1.09
68,Emmanuel Rivera,3B,BAL,2700.0,STL,BAL,Erick Fedde,6,6.380000000000001,8.456999999999999,0.38,16.09,2.12,3.85,0.46,0.08,0.47,0.03,0.73,0.32,0.04,0.64,0.17,0.02,2025-05-26,Main,3.0,18:16,Y,1.0
69,Heston Kjerstad,OF,BAL,2500.0,STL,BAL,Erick Fedde,7,7.190000000000001,9.744,0.18,15.39,2.68,3.93,0.52,0.16,0.56,0.03,0.95,0.23,0.11,0.63,0.17,0.01,2025-05-26,Main,9.0,18:16,Y,1.12
70,Dylan Carlson,OF,BAL,2200.0,STL,BAL,Erick Fedde,8,6.1499999999999995,8.362000000000002,0.12,15.87,2.23,3.78,0.46,0.07,0.46,0.07,0.8,0.38,0.07,0.54,0.16,0.01,2025-05-26,Main,0.0,18:16,Y,1.01
71,Maverick Handley,C,BAL,2000.0,STL,BAL,Erick Fedde,9,5.44,7.4110000000000005,0.05,11.92,2.25,3.6,0.43,0.06,0.37,0.06,0.78,0.29,0.1,0.56,0.12,0.01,2025-05-26,Main,0.0,18:16,Y,0.9
72,Bo Bichette,SS,TOR,3900.0,TEX,TEX,Jacob deGrom,1,7.51,9.689,0.52,14.9,1.88,4.56,0.57,0.13,0.43,0.07,1.1,0.2,0.03,0.75,0.21,0.02,2025-05-26,Main,4.0,18:16,Y,0.96
73,Vladimir Guerrero Jr.,1B,TOR,4600.0,TEX,TEX,Jacob deGrom,2,8.55,11.297999999999998,0.55,16.97,2.16,4.43,0.64,0.21,0.56,0.02,0.85,0.35,0.04,0.69,0.22,0.01,2025-05-26,Main,9.0,18:16,Y,1.09
74,Daulton Varsho,OF,TOR,4500.0,TEX,TEX,Jacob deGrom,3,6.73,8.934999999999999,0.08,18.28,1.3,4.37,0.45,0.15,0.47,0.09,1.45,0.32,0.03,0.49,0.15,0.01,2025-05-26,Main,8.0,18:16,Y,0.9
75,Alejandro Kirk,C,TOR,3000.0,TEX,TEX,Jacob deGrom,4,6.64,8.735999999999999,0.3,14.09,2.24,4.06,0.43,0.11,0.5,0.02,0.61,0.28,0.04,0.68,0.18,0.01,2025-05-26,Main,5.0,18:16,Y,0.98
76,Anthony Santander,OF,TOR,3800.0,TEX,TEX,Jacob deGrom,5,6.58,8.844999999999999,0.04,15.51,1.48,4.04,0.45,0.17,0.47,0.02,1.06,0.3,0.06,0.47,0.17,0.01,2025-05-26,Main,3.0,18:16,Y,0.86
77,Addison Barger,3B,TOR,3000.0,TEX,TEX,Jacob deGrom,6,6.41,8.524000000000001,0.0,13.02,1.93,4.05,0.42,0.15,0.44,0.04,1.25,0.24,0.06,0.51,0.18,0.01,2025-05-26,Main,3.0,18:16,Y,0.89
78,Ernie Clement,2B,TOR,2500.0,TEX,TEX,Jacob deGrom,7,5.760000000000001,7.337,0.21,13.65,1.88,3.93,0.36,0.08,0.37,0.08,0.51,0.09,0.03,0.68,0.16,0.01,2025-05-26,Main,3.0,18:16,Y,0.88
79,Michael Stefanic,2B,TOR,2100.0,TEX,TEX,Jacob deGrom,8,5.390000000000001,7.242999999999999,0.39,13.72,1.96,3.8,0.39,0.05,0.35,0.05,0.7,0.28,0.1,0.64,0.12,0.01,2025-05-26,Main,0.0,18:16,Y,0.88
80,Nathan Lukes,OF,TOR,3300.0,TEX,TEX,Jacob deGrom,9,6.03,7.956,0.2,15.26,1.43,3.6,0.43,0.09,0.38,0.05,0.66,0.31,0.05,0.62,0.14,0.01,2025-05-26,Main,1.0,18:16,Y,0.83
81,Sam Haggerty,OF,TEX,3800.0,TOR,TEX,Kevin Gausman,1,7.800000000000001,10.379000000000001,0.37,16.94,2.07,4.51,0.62,0.08,0.47,0.2,0.94,0.38,0.07,0.71,0.17,0.01,2025-05-26,Main,9.0,18:16,Y,1.05
82,Josh Smith,1B/SS,TEX,4100.0,TOR,TEX,Kevin Gausman,2,7.430000000000001,10.126,0.27,15.72,1.83,4.47,0.58,0.1,0.52,0.08,1.04,0.32,0.14,0.71,0.18,0.02,2025-05-26,Main,5.0,18:16,Y,0.96
83,Wyatt Langford,OF,TEX,4800.0,TOR,TEX,Kevin Gausman,3,9.09,12.038000000000002,0.4,21.54,2.23,4.37,0.64,0.22,0.66,0.12,1.08,0.3,0.03,0.61,0.22,0.02,2025-05-26,Main,11.0,18:16,Y,1.23
84,Josh Jung,3B,TEX,3800.0,TOR,TEX,Kevin Gausman,4,7.300000000000001,9.692,0.28,15.43,1.98,4.27,0.51,0.18,0.58,0.04,1.36,0.17,0.05,0.6,0.18,0.01,2025-05-26,Main,8.0,18:16,Y,0.98
85,Jake Burger,1B,TEX,3700.0,TOR,TEX,Kevin Gausman,5,7.819999999999999,10.457,0.27,19.37,2.25,4.16,0.56,0.23,0.59,0.02,1.28,0.16,0.07,0.53,0.21,0.02,2025-05-26,Main,11.0,18:16,Y,1.15
86,Jonah Heim,C,TEX,3300.0,TOR,TEX,Kevin Gausman,6,6.080000000000001,7.916999999999999,0.08,13.45,1.7,3.8,0.41,0.12,0.43,0.03,0.83,0.19,0.02,0.58,0.17,0.01,2025-05-26,Main,3.0,18:16,Y,0.84
87,Alejandro Osuna,OF,TEX,2500.0,TOR,TEX,Kevin Gausman,7,7.39,9.872000000000002,0.14,16.98,2.83,3.93,0.51,0.14,0.52,0.12,0.96,0.27,0.08,0.62,0.17,0.01,2025-05-26,Main,8.0,18:16,Y,1.2
88,Adolis Garcia,OF,TEX,3900.0,TOR,TEX,Kevin Gausman,8,6.75,8.967,0.03,17.11,1.51,3.8,0.51,0.17,0.45,0.07,1.22,0.22,0.04,0.46,0.16,0.02,2025-05-26,Main,4.0,18:16,Y,0.91
89,Marcus Semien,2B,TEX,3100.0,TOR,TEX,Kevin Gausman,9,6.060000000000001,7.975,0.01,14.58,1.68,3.59,0.45,0.12,0.41,0.04,0.69,0.25,0.02,0.52,0.16,0.01,2025-05-26,Main,3.0,18:16,Y,0.87
90,TJ Friedl,OF,CIN,4500.0,KC,KC,Michael Lorenzen,1,7.66,10.321000000000002,0.57,16.15,1.69,4.58,0.63,0.07,0.47,0.11,0.59,0.34,0.13,0.79,0.2,0.02,2025-05-26,Main,8.0,18:16,Y,0.95
91,Spencer Steer,1B,CIN,3800.0,KC,KC,Michael Lorenzen,2,7.699999999999999,10.333,0.21,16.65,2.12,4.47,0.59,0.11,0.51,0.12,0.81,0.36,0.08,0.63,0.19,0.03,2025-05-26,Main,5.0,18:16,Y,1.05
92,Elly De La Cruz,SS,CIN,6000.0,KC,KC,Michael Lorenzen,3,9.51,12.683,0.51,19.94,1.96,4.37,0.64,0.16,0.75,0.26,1.13,0.34,0.03,0.57,0.24,0.03,2025-05-26,Main,10.0,18:16,Y,1.15
93,Austin Hays,OF,CIN,5100.0,KC,KC,Michael Lorenzen,4,7.12,9.493999999999998,0.35,15.34,1.29,4.25,0.47,0.12,0.56,0.06,0.89,0.18,0.08,0.62,0.22,0.03,2025-05-26,Main,5.0,18:16,Y,0.84
94,Gavin Lux,OF,CIN,3500.0,KC,KC,Michael Lorenzen,5,6.970000000000001,9.104,0.3,15.08,1.8,4.12,0.47,0.07,0.5,0.06,0.77,0.34,0.02,0.73,0.2,0.02,2025-05-26,Main,3.0,18:16,Y,0.93
95,Tyler Stephenson,C,CIN,3900.0,KC,KC,Michael Lorenzen,6,6.109999999999999,8.142999999999999,0.23,15.51,1.46,3.87,0.44,0.1,0.45,0.01,0.85,0.28,0.05,0.58,0.18,0.01,2025-05-26,Main,4.0,18:16,Y,0.85
96,Will Benson,OF,CIN,3800.0,KC,KC,Michael Lorenzen,7,7.030000000000001,9.455,0.22,18.6,1.68,3.93,0.5,0.13,0.47,0.14,1.18,0.37,0.05,0.43,0.18,0.02,2025-05-26,Main,9.0,18:16,Y,0.99
97,Matt McLain,2B,CIN,4200.0,KC,KC,Michael Lorenzen,8,7.109999999999999,9.519,0.16,17.16,1.71,3.8,0.52,0.13,0.47,0.11,0.96,0.26,0.08,0.54,0.18,0.03,2025-05-26,Main,5.0,18:16,Y,0.97
98,Garrett Hampson,2B/OF,CIN,2300.0,KC,KC,Michael Lorenzen,9,5.8500000000000005,7.810999999999999,0.08,14.18,2.11,3.56,0.48,0.09,0.37,0.07,0.73,0.24,0.06,0.53,0.15,0.01,2025-05-26,Main,0.0,18:16,Y,0.94
99,Jonathan India,2B,KC,3400.0,CIN,KC,Nick Martinez,1,7.36,9.976999999999999,0.65,19.35,2.26,4.48,0.61,0.09,0.45,0.07,0.69,0.34,0.13,0.7,0.21,0.02,2025-05-26,Main,13.0,18:16,Y,1.14
100,Bobby Witt Jr.,SS,KC,5900.0,CIN,KC,Nick Martinez,2,10.020000000000001,13.056,0.74,22.77,2.22,4.47,0.73,0.19,0.62,0.17,0.59,0.2,0.05,0.76,0.25,0.08,2025-05-26,Main,14.0,18:16,Y,1.29
101,Vinnie Pasquantino,1B,KC,3600.0,CIN,KC,Nick Martinez,3,7.66,10.140999999999998,0.4,17.94,2.22,4.37,0.53,0.15,0.63,0.02,0.48,0.22,0.04,0.69,0.23,0.01,2025-05-26,Main,10.0,18:16,Y,1.1
102,Salvador Perez,1B/C,KC,3200.0,CIN,KC,Nick Martinez,4,7.0699999999999985,9.407000000000002,0.27,15.41,2.13,4.17,0.46,0.19,0.57,0.01,0.76,0.12,0.07,0.58,0.2,0.01,2025-05-26,Main,12.0,18:16,Y,1.01
103,Maikel Garcia,3B,KC,4300.0,CIN,KC,Nick Martinez,5,7.27,9.333,0.63,19.41,1.73,4.16,0.44,0.07,0.49,0.2,0.6,0.21,0.01,0.7,0.19,0.03,2025-05-26,Main,8.0,18:16,Y,1.03
104,John Rave,OF,KC,0.0,CIN,KC,Nick Martinez,6,6.850000000000001,8.965,,,0.0,4.05,0.45,0.12,0.47,0.13,0.8,0.26,0.02,0.57,0.17,0.01,2025-05-26,Main,,18:16,Y,
105,Nick Loftin,3B,KC,3200.0,CIN,KC,Nick Martinez,7,6.07,8.024000000000001,0.26,12.96,1.62,3.93,0.42,0.08,0.4,0.08,0.5,0.3,0.05,0.6,0.15,0.01,2025-05-26,Main,0.0,18:16,Y,0.82
106,Michael Massey,2B/OF,KC,2700.0,CIN,KC,Nick Martinez,8,5.589999999999999,7.28,0.07,14.05,1.64,3.8,0.4,0.09,0.36,0.04,0.53,0.11,0.05,0.59,0.18,0.01,2025-05-26,Main,4.0,18:16,Y,0.83
107,Kyle Isbel,OF,KC,2900.0,CIN,KC,Nick Martinez,9,5.51,7.149,0.09,15.19,1.36,3.54,0.42,0.06,0.33,0.09,0.55,0.13,0.04,0.58,0.16,0.02,2025-05-26,Main,2.0,18:16,Y,0.8
108,Chase Meidroth,2B,CWS,3700.0,NYM,NYM,Clay Holmes,1,7.91,10.866999999999999,0.66,15.54,2.4,4.58,0.61,0.07,0.43,0.14,0.78,0.79,0.12,0.69,0.14,0.01,2025-05-26,Main,2.0,18:16,Y,1.09
109,Mike Tauchman,OF,CWS,3300.0,NYM,NYM,Clay Holmes,2,7.41,10.094,0.52,15.76,2.16,4.32,0.57,0.08,0.46,0.08,0.94,0.73,0.06,0.63,0.16,0.0,2025-05-26,Main,3.0,18:16,Y,1.03
110,Miguel Vargas,1B/3B,CWS,3400.0,NYM,NYM,Clay Holmes,3,6.49,8.870000000000001,0.32,18.14,1.69,4.37,0.45,0.09,0.46,0.07,0.96,0.53,0.07,0.51,0.15,0.01,2025-05-26,Main,8.0,18:16,Y,0.97
111,Andrew Benintendi,OF,CWS,3500.0,NYM,NYM,Clay Holmes,4,6.36,8.362,0.36,15.64,1.5,4.2,0.41,0.06,0.48,0.04,0.73,0.39,0.02,0.69,0.17,0.01,2025-05-26,Main,2.0,18:16,Y,0.87
112,Luis Robert,OF,CWS,4200.0,NYM,NYM,Clay Holmes,5,7.09,9.381,0.21,16.71,1.55,4.15,0.43,0.11,0.47,0.21,1.35,0.29,0.06,0.56,0.16,0.01,2025-05-26,Main,,18:16,Y,0.92
113,Josh Palacios,OF,CWS,2800.0,NYM,NYM,Clay Holmes,6,5.98,8.019,0.07,13.69,1.65,3.81,0.37,0.1,0.41,0.06,0.8,0.34,0.08,0.58,0.14,0.0,2025-05-26,Main,,18:16,Y,0.84
114,Edgar Quero,C,CWS,3100.0,NYM,NYM,Clay Holmes,7,6.26,8.619,0.34,12.98,1.92,3.93,0.42,0.09,0.45,0.01,0.87,0.49,0.12,0.62,0.13,0.01,2025-05-26,Main,0.0,18:16,Y,0.88
115,Lenyn Sosa,2B,CWS,2900.0,NYM,NYM,Clay Holmes,8,5.5,7.022,0.34,13.08,1.48,3.8,0.36,0.09,0.34,0.03,0.87,0.11,0.03,0.65,0.16,0.01,2025-05-26,Main,2.0,18:16,Y,0.77
116,Josh Rojas,3B/OF,CWS,2100.0,NYM,NYM,Clay Holmes,9,5.69,7.453,0.0,13.24,2.17,3.57,0.39,0.05,0.35,0.11,0.84,0.38,0.01,0.55,0.15,0.0,2025-05-26,Main,1.0,18:16,Y,0.92
117,Francisco Lindor,SS,NYM,5500.0,CWS,NYM,Adrian Houser,1,9.560000000000002,12.768,0.82,21.7,2.16,4.53,0.79,0.19,0.56,0.16,0.69,0.45,0.07,0.71,0.21,0.01,2025-05-26,Main,12.0,18:16,Y,1.24
118,Brandon Nimmo,OF,NYM,4000.0,CWS,NYM,Adrian Houser,2,8.7,11.878000000000002,0.5,18.33,2.45,4.43,0.74,0.15,0.6,0.08,0.82,0.57,0.08,0.65,0.19,0.01,2025-05-26,Main,0.0,18:16,Y,1.19
119,Juan Soto,OF,NYM,5300.0,CWS,NYM,Adrian Houser,3,10.41,14.283,1.04,18.07,2.65,4.31,0.79,0.22,0.83,0.08,0.6,0.9,0.02,0.58,0.19,0.01,2025-05-26,Main,13.0,18:16,Y,1.27
120,Pete Alonso,1B,NYM,5400.0,CWS,NYM,Adrian Houser,4,8.81,12.155,0.5,18.82,1.96,4.23,0.65,0.23,0.77,0.03,0.83,0.45,0.09,0.53,0.19,0.01,2025-05-26,Main,13.0,18:16,Y,1.1
121,Jared Young,1B,NYM,2300.0,CWS,NYM,Adrian Houser,5,7.92,10.905999999999999,0.0,13.1,3.71,4.16,0.58,0.15,0.64,0.06,0.75,0.53,0.09,0.58,0.16,0.01,2025-05-26,Main,3.0,18:16,Y,1.3
122,Brett Baty,3B,NYM,3100.0,CWS,NYM,Adrian Houser,6,6.390000000000001,8.553,0.03,13.17,1.86,4.05,0.44,0.11,0.49,0.04,0.89,0.36,0.04,0.56,0.15,0.01,2025-05-26,Main,4.0,18:16,Y,0.88
123,Tyrone Taylor,OF,NYM,2900.0,CWS,NYM,Adrian Houser,7,6.289999999999999,8.392999999999999,0.16,14.24,1.77,3.73,0.44,0.09,0.47,0.09,0.7,0.16,0.08,0.58,0.18,0.02,2025-05-26,Main,5.0,18:16,Y,0.88
124,Jeff McNeil,2B/OF,NYM,3700.0,CWS,NYM,Adrian Houser,8,6.19,8.324,0.26,14.44,1.47,3.71,0.47,0.06,0.44,0.04,0.39,0.33,0.08,0.66,0.17,0.01,2025-05-26,Main,4.0,18:16,Y,0.83
125,Francisco Alvarez,C,NYM,3400.0,CWS,NYM,Adrian Houser,9,6.27,8.49,0.25,17.7,1.76,3.6,0.5,0.13,0.46,0.02,0.79,0.32,0.06,0.51,0.14,0.01,2025-05-26,Main,11.0,18:16,Y,0.97
126,Shohei Ohtani,TWP,LAD,14700.0,CLE,CLE,Gavin Williams,1,10.53,14.086,1.15,23.74,0.72,4.49,0.88,0.25,0.58,0.22,1.1,0.58,0.03,0.52,0.21,0.03,2025-05-26,None,0.0,18:16,Y,
127,Mookie Betts,SS,LAD,13200.0,CLE,CLE,Gavin Williams,2,7.829999999999999,10.542000000000002,0.57,16.73,0.6,4.4,0.61,0.09,0.5,0.1,0.59,0.57,0.05,0.62,0.21,0.02,2025-05-26,None,0.0,18:16,Y,
128,Freddie Freeman,1B,LAD,13500.0,CLE,CLE,Gavin Williams,3,8.14,11.031,0.8,18.22,0.67,4.3,0.58,0.13,0.65,0.05,0.79,0.5,0.06,0.65,0.22,0.01,2025-05-26,None,0.0,18:16,Y,
129,Teoscar Hernandez,OF,LAD,12600.0,CLE,CLE,Gavin Williams,4,7.15,9.658,0.35,15.84,0.53,4.26,0.49,0.14,0.58,0.06,1.33,0.31,0.06,0.51,0.2,0.02,2025-05-26,None,0.0,18:16,Y,
130,Will Smith,C,LAD,11400.0,CLE,CLE,Gavin Williams,5,7.02,9.733,0.35,15.11,0.66,4.15,0.49,0.11,0.55,0.04,0.83,0.47,0.12,0.53,0.19,0.02,2025-05-26,None,0.0,18:16,Y,
131,Max Muncy,3B,LAD,9000.0,CLE,CLE,Gavin Williams,6,6.0,8.477000000000002,0.36,16.1,0.56,3.98,0.46,0.1,0.45,0.02,1.19,0.68,0.07,0.33,0.13,0.01,2025-05-26,None,0.0,18:16,Y,
132,Andy Pages,OF,LAD,10500.0,CLE,CLE,Gavin Williams,7,6.55,8.948,0.14,15.39,0.53,3.93,0.49,0.1,0.48,0.05,1.01,0.25,0.12,0.55,0.21,0.02,2025-05-26,None,0.0,18:16,Y,
133,Michael Conforto,OF,LAD,7200.0,CLE,CLE,Gavin Williams,8,6.04,8.308,0.07,15.65,0.66,3.77,0.44,0.11,0.42,0.02,0.99,0.45,0.08,0.43,0.17,0.01,2025-05-26,None,0.0,18:16,Y,
134,Hyeseong Kim,2B,LAD,7500.0,CLE,CLE,Gavin Williams,9,7.27,9.677,0.16,14.51,1.0,3.6,0.51,0.09,0.49,0.26,0.92,0.36,0.04,0.54,0.13,0.01,2025-05-26,None,0.0,18:16,Y,
135,Steven Kwan,OF,CLE,12000.0,LAD,CLE,Yoshinobu Yamamoto,1,7.83,10.115999999999998,0.76,15.42,0.66,4.58,0.58,0.08,0.38,0.11,0.49,0.4,0.04,0.86,0.22,0.01,2025-05-26,None,0.0,18:16,Y,
136,Bo Naylor,C,CLE,6300.0,LAD,CLE,Yoshinobu Yamamoto,2,5.989999999999999,7.994000000000001,0.0,14.08,0.87,4.47,0.42,0.11,0.34,0.06,1.41,0.42,0.04,0.45,0.16,0.01,2025-05-26,None,0.0,18:16,Y,
137,Jose Ramirez,P,CLE,14100.0,LAD,CLE,Yoshinobu Yamamoto,3,8.27,10.783000000000001,0.4,17.25,0.59,4.28,0.49,0.16,0.55,0.2,0.58,0.27,0.03,0.64,0.21,0.01,2025-05-26,None,0.0,18:16,Y,
138,Kyle Manzardo,1B,CLE,11100.0,LAD,CLE,Yoshinobu Yamamoto,4,6.35,8.534999999999998,0.05,15.84,0.49,4.27,0.4,0.16,0.47,0.02,1.32,0.34,0.04,0.4,0.19,0.01,2025-05-26,None,0.0,18:16,Y,
139,Lane Thomas,OF,CLE,9600.0,LAD,CLE,Yoshinobu Yamamoto,5,6.29,8.227,0.23,16.91,0.53,4.16,0.36,0.1,0.41,0.15,1.33,0.23,0.04,0.51,0.17,0.02,2025-05-26,None,0.0,18:16,Y,
140,Daniel Schneemann,2B,CLE,8400.0,LAD,CLE,Yoshinobu Yamamoto,6,5.47,7.23,0.0,13.74,0.5,4.05,0.35,0.09,0.34,0.05,1.35,0.43,0.01,0.46,0.14,0.0,2025-05-26,None,0.0,18:16,Y,
141,Gabriel Arias,2B,CLE,7800.0,LAD,CLE,Yoshinobu Yamamoto,7,5.34,7.043000000000001,0.19,13.92,0.52,3.93,0.34,0.09,0.33,0.09,1.38,0.23,0.05,0.47,0.14,0.01,2025-05-26,None,0.0,18:16,Y,
142,Angel Martinez,2B,CLE,6600.0,LAD,CLE,Yoshinobu Yamamoto,8,5.34,6.8790000000000004,0.43,15.12,0.61,3.8,0.32,0.05,0.31,0.08,0.8,0.24,0.04,0.65,0.15,0.0,2025-05-26,None,0.0,18:16,Y,
143,Will Wilson,SS,CLE,0.0,LAD,CLE,Yoshinobu Yamamoto,9,4.65,6.117,0.0,10.27,0.0,3.6,0.31,0.07,0.29,0.05,1.06,0.26,0.03,0.45,0.11,0.01,2025-05-26,None,0.0,18:16,Y,
144,Ryan Jeffers,C,MIN,4100.0,TB,TB,Zack Littell,1,7.969999999999999,10.658999999999999,0.72,21.18,2.36,4.53,0.67,0.19,0.47,0.02,0.93,0.26,0.1,0.68,0.21,0.01,2025-05-26,None,15.0,18:16,Y,
145,Trevor Larnach,OF,MIN,4000.0,TB,TB,Zack Littell,2,8.2,11.008000000000001,0.6,17.73,2.18,4.42,0.64,0.18,0.58,0.04,1.04,0.38,0.06,0.64,0.2,0.01,2025-05-26,None,15.0,18:16,Y,
146,Ty France,1B,MIN,3700.0,TB,TB,Zack Littell,3,7.81,10.741,0.65,17.34,2.24,4.31,0.58,0.16,0.61,0.02,0.78,0.22,0.18,0.72,0.21,0.01,2025-05-26,None,16.0,18:16,Y,
147,Carlos Correa,SS,MIN,3900.0,TB,TB,Zack Littell,4,7.25,9.610999999999999,0.58,17.56,1.75,4.22,0.48,0.14,0.61,0.02,0.78,0.28,0.03,0.66,0.19,0.01,2025-05-26,None,11.0,18:16,Y,
148,Kody Clemens,2B,MIN,3500.0,TB,TB,Zack Littell,5,6.97,9.204,0.03,18.12,1.97,4.16,0.47,0.17,0.52,0.03,1.0,0.18,0.03,0.5,0.24,0.01,2025-05-26,None,12.0,18:16,Y,
149,Willi Castro,OF,MIN,3100.0,TB,TB,Zack Littell,6,7.36,9.992000000000003,0.17,15.98,2.26,4.04,0.51,0.14,0.52,0.08,0.91,0.27,0.13,0.6,0.2,0.02,2025-05-26,None,4.0,18:16,Y,
150,Royce Lewis,3B,MIN,3800.0,TB,TB,Zack Littell,7,7.48,9.869,0.4,16.78,2.07,3.93,0.52,0.21,0.51,0.03,0.83,0.24,0.04,0.57,0.18,0.01,2025-05-26,None,14.0,18:16,Y,
151,Christian Vazquez,C,MIN,2400.0,TB,TB,Zack Littell,8,5.37,6.9159999999999995,0.3,14.65,1.83,3.76,0.38,0.07,0.36,0.03,0.78,0.15,0.02,0.62,0.16,0.01,2025-05-26,None,0.0,18:16,Y,
152,DaShawn Keirsey Jr.,OF,MIN,0.0,TB,TB,Zack Littell,9,6.7700000000000005,8.885,0.16,16.81,0.0,3.6,0.5,0.1,0.41,0.19,0.86,0.2,0.05,0.59,0.15,0.01,2025-05-26,None,0.0,18:16,Y,
153,Chandler Simpson,OF,TB,4000.0,MIN,TB,Chris Paddack,1,9.75,12.542,0.83,16.78,3.08,4.58,0.71,0.02,0.5,0.54,0.59,0.42,0.01,0.92,0.15,0.01,2025-05-26,None,4.0,18:16,Y,
154,Brandon Lowe,2B,TB,4200.0,MIN,TB,Chris Paddack,2,9.51,12.836,0.42,18.8,3.05,4.44,0.78,0.24,0.7,0.06,1.15,0.43,0.05,0.62,0.21,0.01,2025-05-26,None,17.0,18:16,Y,
155,Junior Caminero,3B,TB,4100.0,MIN,TB,Chris Paddack,3,8.200000000000001,10.813,0.81,19.9,2.31,4.37,0.59,0.21,0.63,0.04,0.92,0.21,0.03,0.67,0.19,0.01,2025-05-26,None,17.0,18:16,Y,
156,Jonathan Aranda,1B,TB,4400.0,MIN,TB,Chris Paddack,4,8.86,12.228000000000003,0.46,19.46,2.43,4.27,0.64,0.2,0.8,0.01,1.05,0.49,0.1,0.64,0.19,0.01,2025-05-26,None,16.0,18:16,Y,
157,Curtis Mead,1B/2B,TB,2300.0,MIN,TB,Chris Paddack,5,7.029999999999999,9.433,0.22,14.21,2.93,4.16,0.49,0.11,0.55,0.07,0.96,0.25,0.09,0.69,0.17,0.01,2025-05-26,None,0.0,18:16,Y,
158,Kameron Misner,OF,TB,3300.0,MIN,TB,Chris Paddack,6,7.020000000000001,9.498,0.0,14.8,1.93,4.05,0.49,0.11,0.5,0.15,1.43,0.5,0.04,0.47,0.14,0.01,2025-05-26,None,0.0,18:16,Y,
159,Jose Caballero,IF,TB,4000.0,MIN,TB,Chris Paddack,7,7.8100000000000005,10.496,0.26,17.66,1.95,3.93,0.53,0.08,0.5,0.33,1.02,0.3,0.11,0.59,0.17,0.01,2025-05-26,None,12.0,18:16,Y,
160,Danny Jansen,C,TB,2800.0,MIN,TB,Chris Paddack,8,6.220000000000001,8.555,0.11,16.06,2.1,3.56,0.5,0.14,0.47,0.01,0.7,0.42,0.06,0.43,0.14,0.0,2025-05-26,None,10.0,18:16,Y,
161,Christopher Morel,OF,TB,3800.0,MIN,TB,Chris Paddack,9,6.950000000000001,9.346999999999998,0.5,19.54,1.65,3.6,0.56,0.16,0.47,0.07,1.02,0.35,0.04,0.46,0.14,0.02,2025-05-26,None,0.0,18:16,Y,
162,Oneil Cruz,OF,PIT,5900.0,ARI,ARI,Ryne Nelson,1,9.99,13.259000000000002,0.66,19.77,2.19,4.58,0.82,0.18,0.57,0.23,1.35,0.46,0.03,0.6,0.26,0.03,2025-05-26,None,13.0,18:16,Y,
163,Andrew McCutchen,OF,PIT,3900.0,ARI,ARI,Ryne Nelson,2,7.4,10.065000000000001,0.64,18.55,1.82,4.26,0.6,0.15,0.51,0.04,1.11,0.49,0.05,0.49,0.19,0.01,2025-05-26,None,5.0,18:16,Y,
164,Bryan Reynolds,OF,PIT,3800.0,ARI,ARI,Ryne Nelson,3,8.79,11.843000000000002,0.55,16.41,2.63,4.35,0.64,0.18,0.69,0.07,1.01,0.35,0.07,0.63,0.23,0.03,2025-05-26,None,11.0,18:16,Y,
165,Spencer Horwitz,1B,PIT,2700.0,ARI,ARI,Ryne Nelson,4,8.120000000000001,10.983,0.3,14.22,3.32,4.27,0.59,0.14,0.67,0.03,0.81,0.44,0.06,0.68,0.21,0.01,2025-05-26,None,15.0,18:16,Y,
166,Joey Bart,C,PIT,3200.0,ARI,ARI,Ryne Nelson,5,7.370000000000001,9.999999999999998,0.52,18.17,2.58,4.16,0.55,0.14,0.58,0.02,1.05,0.33,0.09,0.64,0.19,0.01,2025-05-26,None,7.0,18:16,Y,
167,Alexander Canario,OF,PIT,3200.0,ARI,ARI,Ryne Nelson,6,7.66,10.182,0.27,15.21,2.38,4.05,0.56,0.19,0.58,0.06,1.31,0.24,0.03,0.54,0.2,0.01,2025-05-26,None,4.0,18:16,Y,
168,Adam Frazier,2B,PIT,2800.0,ARI,ARI,Ryne Nelson,7,5.8,7.726,0.33,13.58,1.7,3.9,0.43,0.05,0.4,0.06,0.66,0.28,0.06,0.6,0.18,0.01,2025-05-26,None,3.0,18:16,Y,
169,Ke'Bryan Hayes,3B,PIT,3400.0,ARI,ARI,Ryne Nelson,8,5.99,7.761,0.5,14.36,1.49,3.79,0.43,0.06,0.41,0.07,0.77,0.19,0.02,0.64,0.18,0.02,2025-05-26,None,4.0,18:16,Y,
170,Isiah Kiner-Falefa,SS,PIT,3500.0,ARI,ARI,Ryne Nelson,9,5.890000000000001,7.767,0.63,13.15,1.29,3.6,0.46,0.05,0.41,0.09,0.61,0.16,0.06,0.65,0.17,0.01,2025-05-26,None,4.0,18:16,Y,
171,Ketel Marte,2B,ARI,5500.0,PIT,ARI,Andrew Heaney,1,10.25,13.742999999999999,1.51,23.99,2.71,4.44,0.94,0.24,0.65,0.05,0.67,0.45,0.04,0.66,0.26,0.03,2025-05-26,None,20.0,18:16,Y,
172,Corbin Carroll,OF,ARI,6000.0,PIT,ARI,Andrew Heaney,2,10.4,14.104000000000003,0.84,23.54,2.34,4.47,0.87,0.21,0.74,0.19,0.82,0.44,0.08,0.61,0.22,0.04,2025-05-26,None,15.0,18:16,Y,
173,Lourdes Gurriel Jr.,OF,ARI,3500.0,PIT,ARI,Andrew Heaney,3,8.16,10.901,0.79,17.85,2.46,4.19,0.63,0.15,0.67,0.06,0.65,0.24,0.04,0.64,0.24,0.02,2025-05-26,None,17.0,18:16,Y,
174,Eugenio Suarez,3B,ARI,4400.0,PIT,ARI,Andrew Heaney,4,8.49,11.702,0.5,20.63,2.31,4.2,0.66,0.19,0.76,0.03,1.1,0.42,0.07,0.51,0.23,0.01,2025-05-26,None,18.0,18:16,Y,
175,Josh Naylor,1B,ARI,4500.0,PIT,ARI,Andrew Heaney,5,7.74,10.391,0.54,17.27,1.81,4.07,0.58,0.12,0.63,0.09,0.62,0.33,0.04,0.61,0.22,0.01,2025-05-26,None,19.0,18:16,Y,
176,Randal Grichuk,OF,ARI,2400.0,PIT,ARI,Andrew Heaney,6,8.45,11.339,0.17,15.69,3.85,4.04,0.67,0.17,0.69,0.01,0.68,0.28,0.04,0.61,0.27,0.03,2025-05-26,None,12.0,18:16,Y,
177,Gabriel Moreno,C,ARI,3400.0,PIT,ARI,Andrew Heaney,7,7.300000000000001,9.780999999999999,0.68,17.41,2.38,3.93,0.58,0.09,0.55,0.04,0.6,0.39,0.04,0.66,0.22,0.01,2025-05-26,None,17.0,18:16,Y,
178,Tim Tawa,2B,ARI,3800.0,PIT,ARI,Andrew Heaney,8,8.430000000000001,11.316999999999998,0.36,17.18,2.65,3.8,0.66,0.16,0.65,0.1,0.75,0.4,0.03,0.61,0.2,0.01,2025-05-26,None,14.0,18:16,Y,
179,Geraldo Perdomo,SS,ARI,4300.0,PIT,ARI,Andrew Heaney,9,6.720000000000001,9.098999999999998,0.68,16.32,1.37,3.43,0.57,0.06,0.51,0.11,0.42,0.4,0.04,0.56,0.17,0.01,2025-05-26,None,0.0,18:16,Y,
180,Jesus Sanchez,OF,MIA,3700.0,SD,SD,Randy Vasquez,1,9.690000000000001,12.998,0.68,17.73,3.29,4.53,0.84,0.18,0.58,0.14,0.85,0.57,0.04,0.66,0.23,0.01,2025-05-26,None,11.0,18:16,N,
181,Agustin Ramirez,C,MIA,4200.0,SD,SD,Randy Vasquez,2,8.92,11.889999999999999,0.56,17.42,2.88,4.47,0.7,0.17,0.58,0.16,0.65,0.45,0.04,0.66,0.18,0.01,2025-05-26,None,13.0,18:16,N,
182,Otto Lopez,2B/SS,MIA,4100.0,SD,SD,Randy Vasquez,3,8.71,11.579999999999998,0.68,17.46,2.62,4.37,0.65,0.14,0.64,0.13,0.55,0.35,0.05,0.75,0.21,0.01,2025-05-26,None,10.0,18:16,N,
183,Kyle Stowers,OF,MIA,4400.0,SD,SD,Randy Vasquez,4,9.11,12.461000000000002,0.23,16.43,2.44,4.27,0.68,0.19,0.77,0.05,1.03,0.48,0.07,0.59,0.25,0.01,2025-05-26,None,10.0,18:16,N,
184,Eric Wagaman,1B,MIA,3600.0,SD,SD,Randy Vasquez,5,7.970000000000001,10.768,0.36,14.94,2.4,4.16,0.59,0.13,0.66,0.08,0.66,0.51,0.02,0.59,0.18,0.01,2025-05-26,None,6.0,18:16,N,
185,Liam Hicks,C,MIA,3300.0,SD,SD,Randy Vasquez,6,7.49,10.395,0.31,14.76,2.59,4.05,0.55,0.09,0.59,0.03,0.55,0.44,0.17,0.75,0.19,0.01,2025-05-26,None,4.0,18:16,N,
186,Connor Norby,3B,MIA,3900.0,SD,SD,Randy Vasquez,7,7.74,10.392999999999999,0.33,18.6,2.16,3.93,0.54,0.19,0.59,0.08,0.95,0.32,0.05,0.52,0.18,0.01,2025-05-26,None,5.0,18:16,N,
187,Matt Mervis,1B,MIA,3000.0,SD,SD,Randy Vasquez,8,6.380000000000001,8.807,0.0,12.51,1.85,3.8,0.51,0.14,0.49,0.03,0.97,0.44,0.06,0.4,0.15,0.0,2025-05-26,None,4.0,18:16,N,
188,Javier Sanoja,OF,MIA,2700.0,SD,SD,Randy Vasquez,9,6.319999999999999,8.387999999999998,0.46,13.88,1.92,3.6,0.49,0.05,0.44,0.11,0.43,0.45,0.01,0.61,0.12,0.01,2025-05-26,None,5.0,18:16,N,
189,Fernando Tatis Jr.,OF,SD,5700.0,MIA,SD,Ryan Weathers,1,9.879999999999999,13.07,1.0,22.19,2.22,4.47,0.8,0.24,0.56,0.13,0.84,0.46,0.03,0.67,0.22,0.01,2025-05-26,None,15.0,18:16,Y,
190,Jackson Merrill,OF,SD,5400.0,MIA,SD,Ryan Weathers,2,9.120000000000001,11.814000000000002,0.57,16.74,2.0,4.47,0.67,0.19,0.56,0.09,0.72,0.24,0.02,0.79,0.26,0.02,2025-05-26,None,10.0,18:16,Y,
191,Manny Machado,3B,SD,4600.0,MIA,SD,Ryan Weathers,3,8.77,11.563999999999998,0.67,17.79,2.36,4.26,0.62,0.19,0.62,0.09,0.69,0.39,0.01,0.66,0.22,0.01,2025-05-26,None,14.0,18:16,Y,
192,Gavin Sheets,1B,SD,3900.0,MIA,SD,Ryan Weathers,4,6.57,8.687000000000001,0.31,16.13,1.51,3.82,0.46,0.11,0.51,0.03,0.83,0.3,0.02,0.6,0.18,0.01,2025-05-26,None,0.0,18:16,Y,
193,Xander Bogaerts,SS,SD,3700.0,MIA,SD,Ryan Weathers,5,7.94,10.549999999999999,0.47,17.14,2.22,4.09,0.55,0.11,0.6,0.11,0.63,0.39,0.04,0.71,0.2,0.01,2025-05-26,None,12.0,18:16,Y,
194,Jake Cronenworth,2B,SD,4200.0,MIA,SD,Ryan Weathers,6,6.65,9.002,0.22,14.39,1.49,4.04,0.46,0.09,0.48,0.04,0.69,0.43,0.08,0.61,0.18,0.01,2025-05-26,None,0.0,18:16,Y,
195,Luis Campusano,C,SD,2000.0,MIA,SD,Ryan Weathers,7,6.0600000000000005,7.9479999999999995,0.2,14.12,2.79,3.62,0.39,0.1,0.44,0.03,0.4,0.26,0.03,0.6,0.17,0.01,2025-05-26,None,5.0,18:16,Y,
196,Jose Iglesias,2B,SD,3100.0,MIA,SD,Ryan Weathers,8,6.2,8.073,0.44,11.78,1.76,3.78,0.44,0.06,0.43,0.05,0.46,0.15,0.06,0.76,0.19,0.01,2025-05-26,None,3.0,18:16,Y,
197,Martin Maldonado,C,SD,2200.0,MIA,SD,Ryan Weathers,9,4.94,6.668000000000001,0.0,13.56,1.69,3.47,0.39,0.11,0.34,0.02,1.1,0.27,0.04,0.38,0.12,0.0,2025-05-26,None,0.0,18:16,Y,
198,Trent Grisham,OF,NYY,4900.0,LAA,LAA,Jack Kochanowicz,1,9.41,12.942,0.65,19.15,2.34,4.53,0.91,0.23,0.62,0.06,1.11,0.6,0.06,0.49,0.2,0.01,2025-05-26,None,16.0,18:16,N,
199,Aaron Judge,OF,NYY,6500.0,LAA,LAA,Jack Kochanowicz,2,12.39,16.935000000000002,1.82,24.54,3.06,4.39,1.1,0.38,0.91,0.06,1.06,0.67,0.04,0.55,0.24,0.01,2025-05-26,None,29.0,18:16,N,
200,Cody Bellinger,OF,NYY,5200.0,LAA,LAA,Jack Kochanowicz,3,8.620000000000001,11.503,0.67,20.59,1.85,4.25,0.64,0.18,0.73,0.07,0.65,0.33,0.02,0.68,0.19,0.01,2025-05-26,None,15.0,18:16,N,
201,Paul Goldschmidt,1B,NYY,4800.0,LAA,LAA,Jack Kochanowicz,4,8.49,11.383999999999999,0.76,19.8,2.04,4.23,0.62,0.16,0.74,0.06,1.03,0.34,0.03,0.67,0.22,0.01,2025-05-26,None,23.0,18:16,N,
202,Jasson Dominguez,OF,NYY,4500.0,LAA,LAA,Jack Kochanowicz,5,9.610000000000001,13.081,0.41,17.93,2.66,4.16,0.73,0.19,0.79,0.17,1.07,0.57,0.03,0.55,0.19,0.01,2025-05-26,None,13.0,18:16,N,
203,Anthony Volpe,SS,NYY,4700.0,LAA,LAA,Jack Kochanowicz,6,8.110000000000001,10.869,0.51,18.47,1.82,4.05,0.62,0.11,0.61,0.17,0.93,0.28,0.07,0.65,0.19,0.03,2025-05-26,None,9.0,18:16,N,
204,Austin Wells,C,NYY,4400.0,LAA,LAA,Jack Kochanowicz,7,7.69,10.579000000000002,0.32,19.18,2.05,3.93,0.62,0.17,0.63,0.04,0.77,0.41,0.07,0.48,0.19,0.01,2025-05-26,None,15.0,18:16,N,
205,D.J. LeMahieu,3B,NYY,3300.0,LAA,LAA,Jack Kochanowicz,8,6.369999999999999,8.469,0.54,14.14,1.73,3.78,0.52,0.08,0.47,0.03,0.77,0.35,0.02,0.62,0.16,0.01,2025-05-26,None,,18:16,N,
206,Jorbit Vivas,2B/3B,NYY,3000.0,LAA,LAA,Jack Kochanowicz,9,6.920000000000001,9.716,0.05,13.61,2.26,3.6,0.58,0.09,0.54,0.13,0.6,0.36,0.16,0.56,0.13,0.01,2025-05-26,None,4.0,18:16,N,
207,Zach Neto,SS,LAA,5300.0,NYY,LAA,Ryan Yarbrough,1,9.4,12.765000000000002,0.73,21.14,2.17,4.58,0.8,0.2,0.55,0.17,1.26,0.24,0.16,0.63,0.28,0.01,2025-05-26,None,16.0,18:16,Y,
208,Nolan Schanuel,1B,LAA,3800.0,NYY,LAA,Ryan Yarbrough,2,7.329999999999999,9.836,0.52,15.14,1.92,4.47,0.58,0.08,0.48,0.07,0.85,0.48,0.07,0.74,0.16,0.01,2025-05-26,None,0.0,18:16,Y,
209,Yoan Moncada,3B,LAA,4200.0,NYY,LAA,Ryan Yarbrough,3,6.670000000000001,8.87,0.47,17.9,1.49,4.31,0.45,0.11,0.52,0.03,1.49,0.28,0.04,0.58,0.22,0.01,2025-05-26,None,12.0,18:16,Y,
210,Taylor Ward,OF,LAA,4100.0,NYY,LAA,Ryan Yarbrough,4,8.02,10.778,0.51,20.13,2.03,4.24,0.54,0.2,0.64,0.04,1.16,0.34,0.05,0.55,0.21,0.01,2025-05-26,None,13.0,18:16,Y,
211,Jorge Soler,OF,LAA,3500.0,NYY,LAA,Ryan Yarbrough,5,7.029999999999999,9.556999999999999,0.3,16.91,1.83,3.88,0.51,0.18,0.55,0.02,1.17,0.41,0.04,0.42,0.17,0.01,2025-05-26,None,12.0,18:16,Y,
212,Logan O'Hoppe,C,LAA,4300.0,NYY,LAA,Ryan Yarbrough,6,7.84,10.467,0.39,17.29,2.18,4.05,0.56,0.25,0.55,0.02,1.37,0.23,0.07,0.56,0.16,0.01,2025-05-26,None,13.0,18:16,Y,
213,Jo Adell,OF,LAA,3200.0,NYY,LAA,Ryan Yarbrough,7,6.93,9.281,0.2,19.57,1.94,3.93,0.48,0.17,0.49,0.11,1.31,0.24,0.06,0.46,0.16,0.01,2025-05-26,None,11.0,18:16,Y,
214,Chris Taylor,OF,LAA,4500.0,NYY,LAA,Ryan Yarbrough,8,6.100000000000001,8.094999999999999,,,1.07,3.76,0.45,0.1,0.41,0.08,1.09,0.28,0.04,0.53,0.15,0.01,2025-05-26,None,,18:16,Y,
215,Kevin Newman,3B/SS,LAA,2100.0,NYY,LAA,Ryan Yarbrough,9,5.3999999999999995,6.941,0.29,13.23,1.96,3.55,0.38,0.04,0.35,0.08,0.59,0.17,0.02,0.64,0.16,0.01,2025-05-26,None,2.0,18:16,Y,
