,Hitter,Team,HR,SB,DKPts,Avg HR Proj,Avg SB Proj,Avg DK Proj,HR Diff,SB Diff,DKPts Diff
208,Mickey Moniak,COL,0.18,0.1,8.780000000000001,0.13,0.09,6.38,0.04999999999999999,0.010000000000000009,2.4000000000000012
216,Cam Smith,HOU,0.15,0.05,9.02,0.11,0.04,6.71,0.039999999999999994,0.010000000000000002,2.3099999999999996
99,Chandler Simpson,TB,0.01,0.59,10.52,0.01,0.46,8.32,0.0,0.12999999999999995,2.1999999999999993
199,Ivan Herrera,STL,0.2,0.08,10.600000000000001,0.15,0.07,8.41,0.05000000000000002,0.009999999999999995,2.1900000000000013
102,Junior Caminero,TB,0.33,0.04,10.399999999999999,0.22,0.03,8.28,0.11000000000000001,0.010000000000000002,2.119999999999999
200,Willson Contreras,STL,0.22,0.04,9.91,0.17,0.04,7.82,0.04999999999999999,0.0,2.09
209,Hunter Goodman,COL,0.24,0.02,9.0,0.18,0.02,6.93,0.06,0.0,2.0700000000000003
198,Brendan Donovan,STL,0.14,0.05,9.76,0.1,0.05,7.82,0.04000000000000001,0.0,1.9399999999999995
171,Nico Hoerner,CHC,0.08,0.18,9.04,0.05,0.16,7.2,0.03,0.01999999999999999,1.839999999999999
204,Jordan Walker,STL,0.16,0.06,8.52,0.12,0.06,6.69,0.04000000000000001,0.0,1.8299999999999992
207,Tyler Freeman,COL,0.08,0.18,8.95,0.07,0.14,7.16,0.009999999999999995,0.03999999999999998,1.7899999999999991
174,Carson Kelly,CHC,0.18,0.02,8.54,0.12,0.02,6.76,0.06,0.0,1.7799999999999994
82,Kyle Schwarber,PHI,0.31,0.06,10.21,0.23,0.04,8.56,0.07999999999999999,0.019999999999999997,1.6500000000000004
201,Nolan Arenado,STL,0.14,0.02,8.4,0.12,0.02,6.76,0.020000000000000018,0.0,1.6400000000000006
221,Chas McCormick,HOU,0.13,0.16,8.23,0.11,0.14,6.7,0.020000000000000004,0.01999999999999999,1.5300000000000002
210,Jordan Beck,COL,0.19,0.13,9.43,0.17,0.14,7.91,0.01999999999999999,-0.010000000000000009,1.5199999999999996
215,Adael Amador,COL,0.16,0.15,8.479999999999999,0.1,0.17,6.97,0.06,-0.020000000000000018,1.509999999999999
218,Yainer Diaz,HOU,0.17,0.02,8.74,0.15,0.02,7.35,0.020000000000000018,0.0,1.3900000000000006
130,Jo Adell,LAA,0.22,0.1,8.73,0.18,0.11,7.39,0.04000000000000001,-0.009999999999999995,1.3400000000000007
86,Brandon Marsh,PHI,0.12,0.11,8.09,0.09,0.1,6.78,0.03,0.009999999999999995,1.3099999999999996
205,Pedro Pages,STL,0.12,0.03,6.720000000000001,0.09,0.03,5.48,0.03,0.0,1.2400000000000002
263,Will Smith,LAD,0.2,0.04,9.47,0.16,0.04,8.25,0.04000000000000001,0.0,1.2200000000000006
156,Drake Baldwin,ATL,0.21,0.02,9.39,0.17,0.02,8.17,0.03999999999999998,0.0,1.2200000000000006
203,Thomas Saggese,STL,0.12,0.06,7.43,0.1,0.06,6.21,0.01999999999999999,0.0,1.2199999999999998
206,Victor Scott II,STL,0.09,0.21,7.549999999999999,0.08,0.19,6.33,0.009999999999999995,0.01999999999999999,1.2199999999999989
101,Jonathan Aranda,TB,0.16,0.01,9.28,0.16,0.01,8.08,0.0,0.0,1.1999999999999993
220,Mauricio Dubon,HOU,0.07,0.04,6.620000000000001,0.06,0.04,5.44,0.010000000000000009,0.0,1.1800000000000006
202,Masyn Winn,STL,0.12,0.1,8.55,0.1,0.11,7.4,0.01999999999999999,-0.009999999999999995,1.1500000000000004
211,Ryan McMahon,COL,0.17,0.04,8.540000000000001,0.15,0.03,7.41,0.020000000000000018,0.010000000000000002,1.1300000000000008
137,Juan Soto,NYM,0.29,0.08,11.43,0.24,0.07,10.31,0.04999999999999999,0.009999999999999995,1.1199999999999992
265,Andy Pages,LAD,0.17,0.05,8.75,0.16,0.04,7.69,0.010000000000000009,0.010000000000000002,1.0599999999999996
252,Byron Buxton,MIN,0.29,0.12,9.89,0.24,0.1,8.88,0.04999999999999999,0.01999999999999999,1.0099999999999998
139,Jeff McNeil,NYM,0.13,0.04,7.7700000000000005,0.09,0.04,6.78,0.04000000000000001,0.0,0.9900000000000002
104,Jake Mangum,TB,0.11,0.16,8.36,0.09,0.16,7.38,0.020000000000000004,0.0,0.9799999999999995
135,Brandon Nimmo,NYM,0.19,0.09,9.2,0.15,0.07,8.22,0.04000000000000001,0.01999999999999999,0.9799999999999986
84,Nick Castellanos,PHI,0.16,0.04,8.190000000000001,0.13,0.04,7.24,0.03,0.0,0.9500000000000011
81,Trea Turner,PHI,0.16,0.18,9.38,0.14,0.15,8.43,0.01999999999999999,0.03,0.9500000000000011
127,Nolan Schanuel,LAA,0.12,0.08,8.8,0.1,0.07,7.87,0.01999999999999999,0.009999999999999995,0.9300000000000006
141,Brett Baty,NYM,0.16,0.04,6.99,0.12,0.03,6.06,0.04000000000000001,0.010000000000000002,0.9300000000000006
212,Ezequiel Tovar,COL,0.16,0.04,8.040000000000001,0.14,0.05,7.15,0.01999999999999999,-0.010000000000000002,0.8900000000000006
49,Kyle Stowers,MIA,0.17,0.04,7.87,0.15,0.04,6.99,0.020000000000000018,0.0,0.8799999999999999
266,Michael Conforto,LAD,0.18,0.02,8.21,0.15,0.02,7.34,0.03,0.0,0.870000000000001
138,Pete Alonso,NYM,0.28,0.03,9.73,0.25,0.02,8.87,0.030000000000000027,0.009999999999999998,0.8600000000000012
20,Wenceel Perez,DET,0.14,0.09,7.94,0.11,0.09,7.08,0.030000000000000013,0.0,0.8600000000000003
18,Colt Keith,DET,0.13,0.04,8.05,0.12,0.04,7.21,0.010000000000000009,0.0,0.8400000000000007
100,Yandy Diaz,TB,0.16,0.02,8.74,0.13,0.02,7.91,0.03,0.0,0.8300000000000001
267,Hyeseong Kim,LAD,0.14,0.29,9.13,0.12,0.27,8.31,0.020000000000000018,0.019999999999999962,0.8200000000000003
214,Michael Toglia,COL,0.17,0.05,7.720000000000001,0.16,0.06,6.9,0.010000000000000009,-0.009999999999999995,0.8200000000000003
83,Bryce Harper,PHI,0.18,0.08,9.4,0.15,0.08,8.58,0.03,0.0,0.8200000000000003
154,Matt Olson,ATL,0.22,0.02,9.41,0.21,0.02,8.62,0.010000000000000009,0.0,0.7900000000000009
78,Ceddanne Rafaela,BOS,0.17,0.11,7.220000000000001,0.12,0.11,6.45,0.05000000000000002,0.0,0.7700000000000005
117,Nathan Lukes,TOR,0.09,0.06,7.75,0.09,0.06,6.98,0.0,0.0,0.7699999999999996
39,Gavin Sheets,SD,0.15,0.03,7.23,0.12,0.03,6.47,0.03,0.0,0.7600000000000007
253,Ryan Jeffers,MIN,0.18,0.02,7.92,0.15,0.02,7.16,0.03,0.0,0.7599999999999998
217,Jose Altuve,HOU,0.15,0.1,8.78,0.14,0.11,8.06,0.009999999999999981,-0.009999999999999995,0.7199999999999989
85,J.T. Realmuto,PHI,0.14,0.05,7.71,0.14,0.05,7.01,0.0,0.0,0.7000000000000002
165,Salvador Perez,KC,0.26,0.01,8.040000000000001,0.2,0.01,7.35,0.06,0.0,0.6900000000000013
21,Riley Greene,DET,0.21,0.03,8.75,0.17,0.04,8.08,0.03999999999999998,-0.010000000000000002,0.6699999999999999
189,Josh Smith,TEX,0.11,0.09,8.07,0.09,0.08,7.4,0.020000000000000004,0.009999999999999995,0.6699999999999999
106,Jose Caballero,TB,0.09,0.33,8.100000000000001,0.07,0.32,7.45,0.01999999999999999,0.010000000000000009,0.6500000000000012
10,Angel Martinez,CLE,0.09,0.09,6.820000000000001,0.07,0.09,6.17,0.01999999999999999,0.0,0.6500000000000012
262,Shohei Ohtani,LAD,0.35,0.18,12.739999999999998,0.32,0.22,12.11,0.02999999999999997,-0.04000000000000001,0.629999999999999
47,Otto Lopez,MIA,0.12,0.12,8.34,0.11,0.11,7.74,0.009999999999999995,0.009999999999999995,0.5999999999999996
173,Seiya Suzuki,CHC,0.22,0.07,9.34,0.19,0.08,8.74,0.03,-0.009999999999999995,0.5999999999999996
254,Willi Castro,MIN,0.13,0.1,8.0,0.11,0.09,7.4,0.020000000000000004,0.010000000000000009,0.5999999999999996
259,Harrison Bader,MIN,0.17,0.12,7.400000000000001,0.11,0.13,6.81,0.06000000000000001,-0.010000000000000009,0.5900000000000016
28,Nick Gonzales,PIT,0.14,0.04,7.870000000000001,0.13,0.05,7.29,0.010000000000000009,-0.010000000000000002,0.580000000000001
268,Miguel Rojas,LAD,0.09,0.05,6.48,0.06,0.05,5.91,0.03,0.0,0.5700000000000003
105,Matt Thaiss,TB,0.12,0.05,7.09,0.11,0.05,6.56,0.009999999999999995,0.0,0.5300000000000002
256,Ty France,MIN,0.15,0.02,7.53,0.12,0.02,7.04,0.03,0.0,0.4900000000000002
222,Cooper Hummel,HOU,0.09,0.07,6.35,0.1,0.07,5.87,-0.010000000000000009,0.0,0.47999999999999954
92,Andrew Benintendi,CWS,0.14,0.03,7.33,0.1,0.03,6.86,0.04000000000000001,0.0,0.46999999999999975
54,TJ Friedl,CIN,0.12,0.1,8.280000000000001,0.09,0.11,7.82,0.03,-0.009999999999999995,0.46000000000000085
176,Dansby Swanson,CHC,0.15,0.1,7.970000000000001,0.13,0.11,7.52,0.01999999999999999,-0.009999999999999995,0.45000000000000107
23,Zach McKinstry,DET,0.07,0.13,6.680000000000001,0.06,0.11,6.23,0.010000000000000009,0.020000000000000004,0.4500000000000002
190,Corey Seager,TEX,0.26,0.02,9.58,0.24,0.02,9.13,0.020000000000000018,0.0,0.4499999999999993
243,J.P. Crawford,SEA,0.12,0.06,8.15,0.11,0.05,7.75,0.009999999999999995,0.009999999999999995,0.40000000000000036
107,Taylor Walls,TB,0.07,0.18,6.5200000000000005,0.05,0.19,6.12,0.020000000000000004,-0.010000000000000009,0.40000000000000036
224,Brice Matthews,HOU,0.08,0.19,6.8100000000000005,0.09,0.18,6.42,-0.009999999999999995,0.010000000000000009,0.39000000000000057
93,Miguel Vargas,CWS,0.11,0.06,6.8999999999999995,0.1,0.07,6.51,0.009999999999999995,-0.010000000000000009,0.3899999999999997
261,Mookie Betts,LAD,0.17,0.08,9.54,0.14,0.1,9.15,0.03,-0.020000000000000004,0.3899999999999988
153,Jurickson Profar,ATL,0.14,0.06,8.620000000000001,0.13,0.06,8.24,0.010000000000000009,0.0,0.3800000000000008
103,Josh Lowe,TB,0.14,0.15,8.610000000000001,0.13,0.15,8.24,0.010000000000000009,0.0,0.370000000000001
45,Xavier Edwards,MIA,0.05,0.24,8.850000000000001,0.05,0.25,8.48,0.0,-0.010000000000000009,0.370000000000001
52,Graham Pauley,MIA,0.08,0.07,5.66,0.07,0.06,5.29,0.009999999999999995,0.010000000000000009,0.3700000000000001
48,Agustin Ramirez,MIA,0.2,0.09,8.48,0.17,0.12,8.12,0.03,-0.03,0.3600000000000012
144,Jung Hoo Lee,SF,0.13,0.07,8.41,0.1,0.08,8.06,0.03,-0.009999999999999995,0.34999999999999964
27,Spencer Horwitz,PIT,0.16,0.03,8.39,0.14,0.03,8.05,0.01999999999999999,0.0,0.33999999999999986
94,Edgar Quero,CWS,0.06,0.02,7.219999999999999,0.1,0.02,6.88,-0.04000000000000001,0.0,0.33999999999999897
90,Mike Tauchman,CWS,0.13,0.05,7.960000000000001,0.11,0.06,7.63,0.020000000000000004,-0.009999999999999995,0.33000000000000096
192,Adolis Garcia,TEX,0.2,0.08,7.92,0.18,0.08,7.59,0.020000000000000018,0.0,0.33000000000000007
269,James Outman,LAD,0.13,0.12,7.33,0.11,0.12,7.01,0.020000000000000004,0.0,0.3200000000000003
157,Ozzie Albies,ATL,0.1,0.08,7.41,0.1,0.07,7.09,0.0,0.009999999999999995,0.3200000000000003
75,Romy Gonzalez,BOS,0.17,0.13,8.24,0.16,0.15,7.93,0.010000000000000009,-0.01999999999999999,0.3100000000000005
87,Otto Kemp,PHI,0.11,0.09,6.720000000000001,0.1,0.09,6.41,0.009999999999999995,0.0,0.3100000000000005
16,Brayan Rocchio,CLE,0.08,0.1,5.96,0.07,0.09,5.65,0.009999999999999995,0.010000000000000009,0.3099999999999996
136,Francisco Lindor,NYM,0.22,0.14,9.96,0.22,0.14,9.66,0.0,0.0,0.3000000000000007
255,Carlos Correa,MIN,0.15,0.01,7.54,0.13,0.02,7.24,0.01999999999999999,-0.01,0.2999999999999998
147,Willy Adames,SF,0.19,0.08,8.3,0.17,0.09,8.01,0.01999999999999999,-0.009999999999999995,0.2900000000000009
46,Jesus Sanchez,MIA,0.16,0.11,8.430000000000001,0.16,0.11,8.15,0.0,0.0,0.28000000000000114
213,Brenton Doyle,COL,0.13,0.13,7.79,0.14,0.14,7.52,-0.010000000000000009,-0.010000000000000009,0.27000000000000046
88,Max Kepler,PHI,0.15,0.02,7.0600000000000005,0.14,0.02,6.8,0.009999999999999981,0.0,0.2600000000000007
164,Maikel Garcia,KC,0.12,0.19,7.970000000000001,0.08,0.21,7.71,0.039999999999999994,-0.01999999999999999,0.2600000000000007
55,Matt McLain,CIN,0.15,0.1,8.22,0.16,0.09,7.97,-0.010000000000000009,0.010000000000000009,0.2500000000000009
57,Austin Hays,CIN,0.16,0.05,8.07,0.16,0.05,7.82,0.0,0.0,0.25
191,Marcus Semien,TEX,0.15,0.06,7.700000000000001,0.13,0.05,7.46,0.01999999999999999,0.009999999999999995,0.2400000000000011
142,Francisco Alvarez,NYM,0.16,0.02,6.880000000000001,0.15,0.02,6.64,0.010000000000000009,0.0,0.2400000000000011
37,Luis Arraez,SD,0.05,0.05,7.17,0.04,0.06,6.94,0.010000000000000002,-0.009999999999999995,0.22999999999999954
118,George Springer,TOR,0.17,0.09,7.8100000000000005,0.15,0.08,7.59,0.020000000000000018,0.009999999999999995,0.22000000000000064
264,Freddie Freeman,LAD,0.15,0.05,9.17,0.15,0.06,8.95,0.0,-0.009999999999999995,0.22000000000000064
166,Nick Loftin,KC,0.12,0.07,6.639999999999999,0.09,0.08,6.42,0.03,-0.009999999999999995,0.21999999999999886
42,Jake Cronenworth,SD,0.12,0.04,6.910000000000001,0.1,0.04,6.7,0.01999999999999999,0.0,0.21000000000000085
172,Kyle Tucker,CHC,0.2,0.16,10.31,0.22,0.13,10.11,-0.01999999999999999,0.03,0.20000000000000107
30,Tommy Pham,PIT,0.08,0.06,6.49,0.09,0.07,6.29,-0.009999999999999995,-0.010000000000000009,0.20000000000000018
145,Heliot Ramos,SF,0.19,0.06,8.27,0.19,0.06,8.08,0.0,0.0,0.1899999999999995
15,Daniel Schneemann,CLE,0.15,0.07,6.649999999999999,0.12,0.06,6.46,0.03,0.010000000000000009,0.18999999999999861
260,Christian Vazquez,MIN,0.07,0.03,5.11,0.05,0.03,4.93,0.020000000000000004,0.0,0.1800000000000006
34,Henry Davis,PIT,0.1,0.05,5.8500000000000005,0.09,0.05,5.67,0.010000000000000009,0.0,0.1800000000000006
11,Jose Ramirez,CLE,0.18,0.23,9.42,0.19,0.2,9.24,-0.010000000000000009,0.03,0.17999999999999972
38,Manny Machado,SD,0.19,0.07,8.499999999999998,0.19,0.08,8.32,0.0,-0.009999999999999995,0.17999999999999794
178,Justin Turner,CHC,0.09,0.02,6.62,0.09,0.02,6.45,0.0,0.0,0.16999999999999993
95,Colson Montgomery,CWS,0.14,0.04,6.49,0.13,0.04,6.33,0.010000000000000009,0.0,0.16000000000000014
91,Chase Meidroth,CWS,0.06,0.12,7.769999999999999,0.07,0.12,7.61,-0.010000000000000009,0.0,0.15999999999999837
128,Mike Trout,LAA,0.27,0.06,9.830000000000002,0.28,0.08,9.68,-0.010000000000000009,-0.020000000000000004,0.15000000000000213
219,Christian Walker,HOU,0.18,0.02,7.87,0.2,0.03,7.72,-0.020000000000000018,-0.009999999999999998,0.15000000000000036
56,Elly De La Cruz,CIN,0.19,0.26,10.120000000000001,0.19,0.28,9.97,0.0,-0.020000000000000018,0.15000000000000036
158,Sean Murphy,ATL,0.18,0.01,7.4399999999999995,0.17,0.01,7.29,0.009999999999999981,0.0,0.14999999999999947
40,Xander Bogaerts,SD,0.09,0.11,7.359999999999999,0.1,0.1,7.25,-0.010000000000000009,0.009999999999999995,0.10999999999999943
9,Steven Kwan,CLE,0.09,0.11,8.129999999999999,0.07,0.11,8.02,0.01999999999999999,0.0,0.10999999999999943
26,Jake Rogers,DET,0.13,0.01,5.830000000000001,0.14,0.01,5.73,-0.010000000000000009,0.0,0.10000000000000053
168,Freddy Fermin,KC,0.08,0.02,5.659999999999999,0.07,0.02,5.57,0.009999999999999995,0.0,0.08999999999999897
126,Zach Neto,LAA,0.22,0.18,9.700000000000001,0.21,0.17,9.62,0.010000000000000009,0.009999999999999981,0.08000000000000185
146,Rafael Devers,SF,0.24,0.03,9.38,0.22,0.03,9.31,0.01999999999999999,0.0,0.07000000000000028
227,Lourdes Gurriel Jr.,ARI,0.11,0.07,7.140000000000001,0.13,0.06,7.07,-0.020000000000000004,0.010000000000000009,0.07000000000000028
159,Nacho Alvarez,ATL,0.1,0.11,7.199999999999999,0.1,0.11,7.13,0.0,0.0,0.0699999999999994
96,Lenyn Sosa,CWS,0.13,0.03,6.28,0.11,0.03,6.22,0.020000000000000004,0.0,0.0600000000000005
25,Javier Baez,DET,0.1,0.05,5.97,0.11,0.06,5.91,-0.009999999999999995,-0.009999999999999995,0.05999999999999961
50,Heriberto Hernandez,MIA,0.08,0.06,5.880000000000001,0.09,0.07,5.83,-0.009999999999999995,-0.010000000000000009,0.05000000000000071
69,Daylen Lile,WSH,0.09,0.15,6.840000000000001,0.11,0.13,6.8,-0.020000000000000004,0.01999999999999999,0.040000000000000924
143,Ronny Mauricio,NYM,0.11,0.08,6.539999999999999,0.11,0.08,6.5,0.0,0.0,0.03999999999999915
76,Trevor Story,BOS,0.14,0.1,6.590000000000001,0.13,0.1,6.57,0.010000000000000009,0.0,0.020000000000000462
17,Bo Naylor,CLE,0.16,0.05,6.290000000000001,0.14,0.06,6.28,0.01999999999999999,-0.009999999999999995,0.010000000000000675
131,Yoan Moncada,LAA,0.12,0.03,6.890000000000001,0.12,0.04,6.88,0.0,-0.010000000000000002,0.010000000000000675
161,Nick Allen,ATL,0.03,0.09,5.2,0.04,0.09,5.19,-0.010000000000000002,0.0,0.009999999999999787
36,Fernando Tatis Jr.,SD,0.2,0.14,9.180000000000001,0.22,0.13,9.18,-0.01999999999999999,0.010000000000000009,1.7763568394002505e-15
22,Spencer Torkelson,DET,0.16,0.02,7.040000000000001,0.15,0.03,7.04,0.010000000000000009,-0.009999999999999998,8.881784197001252e-16
109,Cody Bellinger,NYY,0.15,0.07,7.7700000000000005,0.14,0.07,7.77,0.009999999999999981,0.0,8.881784197001252e-16
129,Taylor Ward,LAA,0.18,0.04,8.14,0.19,0.04,8.14,-0.010000000000000009,0.0,0.0
31,Oneil Cruz,PIT,0.22,0.22,9.66,0.19,0.22,9.66,0.03,0.0,0.0
19,Gleyber Torres,DET,0.11,0.04,7.76,0.12,0.05,7.76,-0.009999999999999995,-0.010000000000000002,0.0
35,Isiah Kiner-Falefa,PIT,0.05,0.09,5.71,0.05,0.09,5.73,0.0,0.0,-0.020000000000000462
175,Pete Crow-Armstrong,CHC,0.19,0.22,8.54,0.17,0.23,8.56,0.01999999999999999,-0.010000000000000009,-0.02000000000000135
245,Cal Raleigh,SEA,0.27,0.08,9.16,0.27,0.06,9.19,0.0,0.020000000000000004,-0.02999999999999936
98,Michael A. Taylor,CWS,0.12,0.12,5.88,0.12,0.12,5.91,0.0,0.0,-0.03000000000000025
74,Alex Bregman,BOS,0.16,0.03,7.690000000000001,0.13,0.04,7.74,0.03,-0.010000000000000002,-0.049999999999998934
97,Brooks Baldwin,CWS,0.12,0.1,6.160000000000001,0.1,0.12,6.21,0.01999999999999999,-0.01999999999999999,-0.049999999999998934
234,Brice Turang,MIL,0.1,0.23,8.21,0.08,0.26,8.27,0.020000000000000004,-0.03,-0.05999999999999872
121,Addison Barger,TOR,0.17,0.05,7.220000000000001,0.16,0.05,7.29,0.010000000000000009,0.0,-0.0699999999999994
72,Rob Refsnyder,BOS,0.13,0.07,7.859999999999999,0.12,0.07,7.93,0.010000000000000009,0.0,-0.07000000000000028
12,Kyle Manzardo,CLE,0.18,0.02,7.21,0.18,0.02,7.29,0.0,0.0,-0.08000000000000007
155,Ronald Acuna Jr.,ATL,0.2,0.14,10.05,0.21,0.11,10.14,-0.009999999999999981,0.030000000000000013,-0.08999999999999986
148,Matt Chapman,SF,0.17,0.08,8.34,0.18,0.08,8.43,-0.009999999999999981,0.0,-0.08999999999999986
29,Bryan Reynolds,PIT,0.18,0.06,8.38,0.17,0.07,8.51,0.009999999999999981,-0.010000000000000009,-0.129999999999999
151,Patrick Bailey,SF,0.08,0.03,5.700000000000001,0.08,0.04,5.83,0.0,-0.010000000000000002,-0.129999999999999
32,Ke'Bryan Hayes,PIT,0.06,0.08,6.260000000000001,0.07,0.08,6.4,-0.010000000000000009,0.0,-0.13999999999999968
58,Gavin Lux,CIN,0.07,0.05,7.02,0.08,0.06,7.16,-0.009999999999999995,-0.009999999999999995,-0.14000000000000057
162,Jonathan India,KC,0.12,0.06,7.609999999999999,0.1,0.07,7.77,0.01999999999999999,-0.010000000000000009,-0.16000000000000014
61,Jake Fraley,CIN,0.08,0.16,6.889999999999999,0.09,0.18,7.05,-0.009999999999999995,-0.01999999999999999,-0.16000000000000103
65,Josh Bell,WSH,0.13,0.01,6.68,0.15,0.01,6.85,-0.01999999999999999,0.0,-0.16999999999999993
181,Jacob Wilson,OAK,0.07,0.05,6.92,0.07,0.04,7.1,0.0,0.010000000000000002,-0.17999999999999972
122,Alejandro Kirk,TOR,0.11,0.02,6.61,0.1,0.02,6.79,0.009999999999999995,0.0,-0.17999999999999972
59,Spencer Steer,CIN,0.12,0.1,7.24,0.12,0.11,7.43,0.0,-0.009999999999999995,-0.1899999999999995
140,Mark Vientos,NYM,0.18,0.02,7.169999999999999,0.2,0.02,7.36,-0.020000000000000018,0.0,-0.19000000000000128
111,Jazz Chisholm,NYY,0.19,0.17,8.350000000000001,0.17,0.2,8.55,0.01999999999999999,-0.03,-0.1999999999999993
108,Trent Grisham,NYY,0.17,0.04,7.720000000000001,0.17,0.06,7.93,0.0,-0.019999999999999997,-0.20999999999999908
223,Shay Whitcomb,HOU,0.14,0.1,7.24,0.16,0.09,7.45,-0.01999999999999999,0.010000000000000009,-0.20999999999999996
150,Casey Schmitt,SF,0.12,0.06,6.36,0.13,0.07,6.57,-0.010000000000000009,-0.010000000000000009,-0.20999999999999996
249,Dominic Canzone,SEA,0.18,0.04,6.809999999999999,0.19,0.04,7.02,-0.010000000000000009,0.0,-0.21000000000000085
14,Nolan Jones,CLE,0.09,0.08,6.710000000000001,0.1,0.08,6.93,-0.010000000000000009,0.0,-0.21999999999999886
246,Randy Arozarena,SEA,0.13,0.12,7.830000000000001,0.13,0.12,8.05,0.0,0.0,-0.21999999999999975
258,Royce Lewis,MIN,0.17,0.02,6.95,0.17,0.03,7.17,0.0,-0.009999999999999998,-0.21999999999999975
13,Carlos Santana,CLE,0.13,0.05,6.6899999999999995,0.13,0.04,6.91,0.0,0.010000000000000002,-0.22000000000000064
193,Evan Carter,TEX,0.12,0.16,7.599999999999999,0.13,0.15,7.82,-0.010000000000000009,0.010000000000000009,-0.22000000000000153
1,Jordan Westburg,BAL,0.19,0.05,7.999999999999999,0.18,0.06,8.25,0.010000000000000009,-0.009999999999999995,-0.2500000000000009
53,Dane Myers,MIA,0.09,0.15,6.619999999999999,0.1,0.15,6.87,-0.010000000000000009,0.0,-0.2500000000000009
244,Julio Rodriguez,SEA,0.16,0.14,8.6,0.17,0.13,8.86,-0.010000000000000009,0.010000000000000009,-0.2599999999999998
24,Parker Meadows,DET,0.11,0.14,7.029999999999999,0.12,0.16,7.3,-0.009999999999999995,-0.01999999999999999,-0.27000000000000046
160,Michael Harris II,ATL,0.13,0.11,7.4399999999999995,0.14,0.11,7.72,-0.010000000000000009,0.0,-0.28000000000000025
232,Blaze Alexander,ARI,0.07,0.09,5.78,0.07,0.09,6.07,0.0,0.0,-0.29000000000000004
179,Matt Shaw,CHC,0.09,0.15,6.799999999999999,0.11,0.14,7.09,-0.020000000000000004,0.009999999999999981,-0.2900000000000009
115,Jorbit Vivas,NYY,0.09,0.1,6.359999999999999,0.09,0.13,6.67,0.0,-0.03,-0.3100000000000005
163,Bobby Witt Jr.,KC,0.24,0.17,9.97,0.21,0.17,10.29,0.03,0.0,-0.3199999999999985
195,Rowdy Tellez,TEX,0.18,0.02,6.449999999999999,0.18,0.02,6.79,0.0,0.0,-0.34000000000000075
3,Ramon Laureano,BAL,0.13,0.07,7.0,0.15,0.07,7.35,-0.01999999999999999,0.0,-0.34999999999999964
89,Bryson Stott,PHI,0.1,0.13,7.12,0.09,0.15,7.47,0.010000000000000009,-0.01999999999999999,-0.34999999999999964
60,Tyler Stephenson,CIN,0.12,0.01,6.35,0.13,0.01,6.71,-0.010000000000000009,0.0,-0.3600000000000003
114,Austin Wells,NYY,0.15,0.03,6.630000000000001,0.15,0.04,7.0,0.0,-0.010000000000000002,-0.3699999999999992
233,Jose Herrera,ARI,0.02,0.02,4.36,0.03,0.02,4.73,-0.009999999999999998,0.0,-0.3700000000000001
5,Ramon Urias,BAL,0.1,0.03,5.74,0.11,0.02,6.14,-0.009999999999999995,0.009999999999999998,-0.39999999999999947
44,Martin Maldonado,SD,0.08,0.01,3.8899999999999997,0.09,0.02,4.29,-0.009999999999999995,-0.01,-0.40000000000000036
63,C.J. Abrams,WSH,0.13,0.19,8.71,0.16,0.2,9.13,-0.03,-0.010000000000000009,-0.41999999999999993
152,Luis Matos,SF,0.09,0.08,5.99,0.09,0.07,6.41,0.0,0.009999999999999995,-0.41999999999999993
67,Luis Garcia,WSH,0.1,0.1,6.949999999999999,0.11,0.12,7.38,-0.009999999999999995,-0.01999999999999999,-0.4300000000000006
119,Vladimir Guerrero Jr.,TOR,0.19,0.04,8.74,0.21,0.02,9.19,-0.01999999999999999,0.02,-0.4499999999999993
79,Carlos Narvaez,BOS,0.13,0.04,6.46,0.13,0.05,6.91,0.0,-0.010000000000000002,-0.4500000000000002
8,Jacob Stallings,BAL,0.06,0.01,4.66,0.07,0.01,5.12,-0.010000000000000009,0.0,-0.45999999999999996
0,Jackson Holliday,BAL,0.15,0.1,7.03,0.16,0.1,7.5,-0.010000000000000009,0.0,-0.46999999999999975
43,Jose Iglesias,SD,0.04,0.04,5.55,0.06,0.05,6.02,-0.019999999999999997,-0.010000000000000002,-0.46999999999999975
225,Ketel Marte,ARI,0.23,0.04,9.110000000000003,0.24,0.05,9.63,-0.009999999999999981,-0.010000000000000002,-0.5199999999999978
241,Caleb Durbin,MIL,0.08,0.17,6.790000000000001,0.08,0.21,7.31,0.0,-0.03999999999999998,-0.5199999999999987
248,Luke Raley,SEA,0.16,0.07,6.880000000000001,0.17,0.08,7.4,-0.010000000000000009,-0.009999999999999995,-0.5199999999999996
250,Ben Williamson,SEA,0.07,0.07,5.41,0.08,0.08,5.93,-0.009999999999999995,-0.009999999999999995,-0.5199999999999996
125,Will Wagner,TOR,0.09,0.03,5.9300000000000015,0.1,0.04,6.46,-0.010000000000000009,-0.010000000000000002,-0.5299999999999985
197,Kyle Higashioka,TEX,0.11,0.03,4.96,0.13,0.02,5.51,-0.020000000000000004,0.009999999999999998,-0.5499999999999998
41,Jackson Merrill,SD,0.19,0.07,8.399999999999999,0.19,0.08,8.95,0.0,-0.009999999999999995,-0.5500000000000007
71,Jacob Young,WSH,0.04,0.18,5.739999999999999,0.04,0.19,6.31,0.0,-0.010000000000000009,-0.5700000000000003
182,Nick Kurtz,OAK,0.2,0.02,6.829999999999999,0.18,0.02,7.41,0.020000000000000018,0.0,-0.580000000000001
4,Cedric Mullins II,BAL,0.1,0.17,6.740000000000001,0.11,0.16,7.33,-0.009999999999999995,0.010000000000000009,-0.589999999999999
167,Jac Caglianone,KC,0.16,0.04,6.91,0.17,0.04,7.52,-0.010000000000000009,0.0,-0.6099999999999994
251,Cole Young,SEA,0.07,0.08,5.8500000000000005,0.08,0.08,6.46,-0.009999999999999995,0.0,-0.6099999999999994
230,Randal Grichuk,ARI,0.17,0.01,7.41,0.18,0.01,8.02,-0.009999999999999981,0.0,-0.6099999999999994
70,Riley Adams,WSH,0.08,0.01,4.05,0.1,0.02,4.68,-0.020000000000000004,-0.01,-0.6299999999999999
124,Ernie Clement,TOR,0.07,0.07,5.8,0.09,0.08,6.44,-0.01999999999999999,-0.009999999999999995,-0.6400000000000006
62,Noelvi Marte,CIN,0.12,0.12,6.69,0.13,0.15,7.38,-0.010000000000000009,-0.03,-0.6899999999999995
133,Logan O'Hoppe,LAA,0.19,0.02,6.8999999999999995,0.22,0.02,7.59,-0.03,0.0,-0.6900000000000004
238,Isaac Collins,MIL,0.09,0.15,6.8500000000000005,0.11,0.16,7.55,-0.020000000000000004,-0.010000000000000009,-0.6999999999999993
66,Nathaniel Lowe,WSH,0.09,0.03,6.640000000000001,0.1,0.03,7.35,-0.010000000000000009,0.0,-0.7099999999999991
73,Roman Anthony,BOS,0.19,0.08,8.3,0.2,0.09,9.03,-0.010000000000000009,-0.009999999999999995,-0.7299999999999986
247,Jorge Polanco,SEA,0.16,0.05,7.020000000000001,0.18,0.05,7.75,-0.01999999999999999,0.0,-0.7299999999999986
123,Joey Loperfido,TOR,0.06,0.07,4.800000000000001,0.07,0.08,5.53,-0.010000000000000009,-0.009999999999999995,-0.7299999999999995
231,Geraldo Perdomo,ARI,0.06,0.1,6.53,0.07,0.11,7.28,-0.010000000000000009,-0.009999999999999995,-0.75
235,William Contreras,MIL,0.13,0.06,7.59,0.14,0.07,8.34,-0.010000000000000009,-0.010000000000000009,-0.75
169,John Rave,KC,0.11,0.13,6.19,0.12,0.14,6.95,-0.009999999999999995,-0.010000000000000009,-0.7599999999999998
228,Eugenio Suarez,ARI,0.15,0.02,6.629999999999999,0.18,0.03,7.39,-0.03,-0.009999999999999998,-0.7600000000000007
120,Bo Bichette,TOR,0.13,0.06,7.279999999999999,0.14,0.08,8.05,-0.010000000000000009,-0.020000000000000004,-0.7700000000000014
33,Alexander Canario,PIT,0.16,0.05,6.38,0.17,0.07,7.16,-0.010000000000000009,-0.020000000000000004,-0.7800000000000002
68,Brady House,WSH,0.11,0.04,5.9799999999999995,0.14,0.04,6.76,-0.030000000000000013,0.0,-0.7800000000000002
242,Joey Ortiz,MIL,0.08,0.09,5.61,0.08,0.1,6.4,0.0,-0.010000000000000009,-0.79
149,Wilmer Flores,SF,0.11,0.02,6.03,0.14,0.02,6.82,-0.030000000000000013,0.0,-0.79
186,Miguel Andujar,OAK,0.08,0.03,5.12,0.08,0.03,5.96,0.0,0.0,-0.8399999999999999
134,Luis Rengifo,LAA,0.08,0.11,6.49,0.1,0.16,7.34,-0.020000000000000004,-0.05,-0.8499999999999996
194,Wyatt Langford,TEX,0.19,0.11,8.07,0.2,0.11,8.94,-0.010000000000000009,0.0,-0.8699999999999992
236,Christian Yelich,MIL,0.13,0.14,7.6899999999999995,0.11,0.17,8.6,0.020000000000000004,-0.03,-0.9100000000000001
196,Josh Jung,TEX,0.13,0.03,6.09,0.16,0.04,7.0,-0.03,-0.010000000000000002,-0.9100000000000001
240,Blake Perkins,MIL,0.07,0.16,5.890000000000001,0.08,0.17,6.83,-0.009999999999999995,-0.010000000000000009,-0.9399999999999995
132,Jorge Soler,LAA,0.15,0.02,6.32,0.18,0.02,7.28,-0.03,0.0,-0.96
180,Lawrence Butler,OAK,0.16,0.14,7.75,0.19,0.15,8.72,-0.03,-0.009999999999999981,-0.9700000000000006
257,Matt Wallner,MIN,0.2,0.03,7.820000000000001,0.23,0.04,8.81,-0.03,-0.010000000000000002,-0.9899999999999993
170,Kyle Isbel,KC,0.04,0.08,4.609999999999999,0.06,0.1,5.6,-0.019999999999999997,-0.020000000000000004,-0.9900000000000002
237,Jackson Chourio,MIL,0.17,0.14,8.01,0.17,0.17,9.04,0.0,-0.03,-1.0299999999999994
239,Andrew Vaughn,MIL,0.14,0.02,5.87,0.16,0.02,6.9,-0.01999999999999999,0.0,-1.0300000000000002
183,Brent Rooker,OAK,0.24,0.04,7.71,0.27,0.05,8.77,-0.030000000000000027,-0.010000000000000002,-1.0599999999999996
185,Tyler Soderstrom,OAK,0.19,0.04,7.07,0.21,0.04,8.15,-0.01999999999999999,0.0,-1.08
177,Ian Happ,CHC,0.13,0.06,7.27,0.15,0.08,8.35,-0.01999999999999999,-0.020000000000000004,-1.08
113,Ben Rice,NYY,0.17,0.05,7.5,0.21,0.07,8.66,-0.03999999999999998,-0.020000000000000004,-1.1600000000000001
51,Eric Wagaman,MIA,0.09,0.05,6.05,0.13,0.07,7.27,-0.04000000000000001,-0.020000000000000004,-1.2199999999999998
188,Luis Urias,OAK,0.11,0.03,5.25,0.13,0.04,6.47,-0.020000000000000004,-0.010000000000000002,-1.2199999999999998
64,James Wood,WSH,0.18,0.12,8.2,0.21,0.14,9.43,-0.03,-0.020000000000000018,-1.2300000000000004
229,Josh Naylor,ARI,0.09,0.08,6.940000000000001,0.15,0.08,8.18,-0.06,0.0,-1.2399999999999984
80,Abraham Toro,BOS,0.08,0.03,5.41,0.11,0.03,6.65,-0.03,0.0,-1.2400000000000002
116,Anthony Volpe,NYY,0.09,0.12,5.95,0.1,0.15,7.21,-0.010000000000000009,-0.03,-1.2599999999999998
184,Shea Langeliers,OAK,0.19,0.03,6.400000000000001,0.22,0.03,7.67,-0.03,0.0,-1.2699999999999987
110,Aaron Judge,NYY,0.31,0.05,10.18,0.35,0.06,11.5,-0.03999999999999998,-0.009999999999999995,-1.3200000000000003
6,Colton Cowser,BAL,0.12,0.07,5.96,0.16,0.07,7.31,-0.04000000000000001,0.0,-1.3499999999999996
77,Masataka Yoshida,BOS,0.08,0.03,6.220000000000001,0.1,0.03,7.57,-0.020000000000000004,0.0,-1.3499999999999996
226,Corbin Carroll,ARI,0.16,0.16,8.52,0.2,0.19,9.9,-0.04000000000000001,-0.03,-1.3800000000000008
187,Colby Thomas,OAK,0.13,0.06,5.51,0.16,0.07,6.91,-0.03,-0.010000000000000009,-1.4000000000000004
7,Coby Mayo,BAL,0.12,0.03,5.249999999999999,0.16,0.04,6.67,-0.04000000000000001,-0.010000000000000002,-1.4200000000000008
112,Giancarlo Stanton,NYY,0.24,0.01,7.07,0.29,0.01,8.51,-0.04999999999999999,0.0,-1.4399999999999995
2,Gunnar Henderson,BAL,0.14,0.1,7.68,0.2,0.11,9.22,-0.06,-0.009999999999999995,-1.540000000000001
